Time,Temperature,Dew,Humidity,Wind,Wind Speed,Wind Gust,Pressure,Condition,date
23,61,52,72,SW,8,0,29.9,Fair,01-08-17
00,59,52,77,SW,9,0,29.93,Fair,01-08-17
01,59,52,77,SW,7,0,29.93,Fair,01-08-17
02,57,54,88,SW,6,0,29.93,Fair,01-08-17
03,57,54,88,SW,5,0,29.93,Fair,01-08-17
04,57,54,88,SW,6,0,29.9,Fair,01-08-17
05,57,54,88,WSW,7,0,29.93,Fair,01-08-17
06,59,55,88,WSW,8,0,29.96,Fair,01-08-17
07,63,55,77,WSW,12,0,29.96,Fair,01-08-17
08,64,54,68,WSW,13,0,29.96,Fair,01-08-17
09,68,54,60,WSW,13,0,29.93,Mostly Cloudy,01-08-17
10,68,54,60,WSW,10,0,29.93,Partly Cloudy,01-08-17
11,70,54,56,WSW,10,0,29.93,Mostly Cloudy,01-08-17
12,72,52,50,SW,13,0,29.93,Fair,01-08-17
13,73,50,44,SSW,17,0,29.9,Partly Cloudy,01-08-17
14,72,54,53,WSW,14,0,29.93,Partly Cloudy,01-08-17
15,73,52,47,SW,17,0,29.93,Partly Cloudy,01-08-17
16,72,50,46,SW,16,0,29.93,Fair,01-08-17
17,72,52,50,SW,15,0,29.93,Fair,01-08-17
18,70,52,53,SW,16,0,29.93,Fair,01-08-17
19,68,48,49,SW,14,25,29.96,Fair,01-08-17
20,66,48,52,SW,12,0,29.96,Fair,01-08-17
21,64,52,64,SW,12,0,29.98,Fair,01-08-17
22,63,52,68,SW,8,0,29.98,Fair,01-08-17
23,63,52,68,SW,7,0,29.96,Fair,02-08-17
00,61,54,77,SW,7,0,29.96,Fair,02-08-17
01,61,54,77,SW,9,0,29.96,Fair,02-08-17
02,61,54,77,SW,8,0,29.96,Fair,02-08-17
03,61,55,82,SW,9,0,29.96,Fair,02-08-17
04,61,54,77,SW,8,0,29.96,Fair,02-08-17
05,63,55,77,SSW,8,0,29.96,Fair,02-08-17
06,64,55,73,S,9,25,29.93,Fair,02-08-17
07,64,57,77,VAR,9,0,29.93,Light Rain,02-08-17
08,66,57,73,S,13,25,29.93,Fair,02-08-17
09,66,57,73,S,13,0,29.93,Partly Cloudy,02-08-17
10,68,54,60,S,12,24,29.9,Partly Cloudy,02-08-17
11,64,55,73,SSW,15,29,29.9,Mostly Cloudy,02-08-17
12,63,59,88,S,12,0,29.87,Rain,02-08-17
13,63,59,88,S,15,0,29.87,Light Rain,02-08-17
14,63,59,88,S,10,0,29.84,Light Rain,02-08-17
15,64,61,88,S,12,23,29.81,Cloudy,02-08-17
16,64,61,88,S,10,31,29.81,Light Rain,02-08-17
17,66,61,83,SSW,15,0,29.78,Cloudy,02-08-17
18,66,61,83,S,14,0,29.75,Mostly Cloudy,02-08-17
19,66,63,88,SSW,15,0,29.75,Cloudy,02-08-17
20,66,63,88,SSW,15,0,29.75,Cloudy,02-08-17
21,68,63,83,SSW,20,0,29.75,Light Rain,02-08-17
22,66,63,88,SSW,15,26,29.72,Light Rain,02-08-17
23,66,63,88,SSW,13,25,29.72,Light Rain,03-08-17
00,66,63,88,SSW,15,0,29.69,Light Rain,03-08-17
01,66,63,88,SSW,10,0,29.66,Mostly Cloudy,03-08-17
02,64,61,88,WSW,13,0,29.69,Partly Cloudy,03-08-17
03,64,55,73,SW,12,0,29.69,Fair,03-08-17
04,63,55,77,SW,9,0,29.69,Fair,03-08-17
05,63,57,82,SW,12,0,29.69,Fair,03-08-17
06,64,57,77,SW,12,26,29.69,Mostly Cloudy,03-08-17
07,64,55,73,SW,18,30,29.69,Mostly Cloudy,03-08-17
08,66,55,68,SW,20,0,29.69,Mostly Cloudy,03-08-17
09,68,55,64,SW,20,0,29.69,Mostly Cloudy,03-08-17
10,68,57,68,SW,23,37,29.69,Light Rain / Windy,03-08-17
11,68,55,64,SW,23,36,29.69,Mostly Cloudy / Windy,03-08-17
12,68,57,68,SW,18,35,29.72,Mostly Cloudy,03-08-17
13,70,55,60,WSW,23,36,29.72,Cloudy / Windy,03-08-17
14,68,55,64,SW,22,33,29.72,Cloudy / Windy,03-08-17
15,70,55,60,WSW,21,36,29.72,Mostly Cloudy / Windy,03-08-17
16,70,55,60,SW,22,36,29.72,Mostly Cloudy / Windy,03-08-17
17,68,55,64,SW,23,35,29.75,Mostly Cloudy / Windy,03-08-17
18,68,55,64,SW,18,0,29.75,Partly Cloudy,03-08-17
19,66,55,68,SW,20,31,29.75,Cloudy,03-08-17
20,66,55,68,SW,17,0,29.78,Fair,03-08-17
21,64,55,73,SW,15,0,29.78,Partly Cloudy,03-08-17
22,64,55,73,SW,16,0,29.78,Mostly Cloudy,03-08-17
23,64,55,73,WSW,14,0,29.78,Fair,04-08-17
00,63,55,77,SW,15,0,29.78,Fair,04-08-17
01,63,54,72,WSW,12,0,29.78,Mostly Cloudy,04-08-17
02,63,55,77,WSW,15,0,29.78,Partly Cloudy,04-08-17
03,63,55,77,WSW,10,0,29.78,Cloudy,04-08-17
04,63,55,77,WSW,13,0,29.78,Cloudy,04-08-17
05,61,54,77,WSW,13,0,29.78,Fair,04-08-17
06,63,52,68,WSW,15,0,29.81,Fair,04-08-17
07,64,52,64,WSW,18,0,29.81,Fair,04-08-17
08,64,54,68,WSW,15,26,29.81,Mostly Cloudy,04-08-17
09,66,54,64,W,17,0,29.84,Mostly Cloudy,04-08-17
10,68,54,60,W,15,0,29.84,Mostly Cloudy,04-08-17
11,68,52,56,WSW,14,0,29.84,Partly Cloudy,04-08-17
12,68,54,60,W,15,0,29.84,Partly Cloudy,04-08-17
13,70,52,53,WSW,15,28,29.84,Fair,04-08-17
14,72,54,53,SW,17,0,29.87,Fair,04-08-17
15,72,54,53,WSW,15,0,29.87,Partly Cloudy,04-08-17
16,70,52,53,WSW,15,0,29.87,Partly Cloudy,04-08-17
17,70,55,60,SW,13,0,29.87,Fair,04-08-17
18,68,55,64,SW,14,0,29.87,Fair,04-08-17
19,68,55,64,SW,14,25,29.87,Fair,04-08-17
20,66,55,68,SW,12,0,29.9,Fair,04-08-17
21,64,55,73,SW,9,0,29.9,Fair,04-08-17
22,64,55,73,WSW,9,0,29.9,Fair,04-08-17
23,64,55,73,WSW,9,0,29.9,Fair,05-08-17
00,63,55,77,W,6,0,29.9,Fair,05-08-17
01,64,54,68,WNW,7,0,29.9,Fair,05-08-17
02,63,52,68,NNW,5,0,29.9,Fair,05-08-17
03,61,50,68,NNW,5,0,29.9,Fair,05-08-17
04,61,50,68,VAR,3,0,29.93,Mostly Cloudy,05-08-17
05,61,52,72,NW,6,0,29.93,Light Rain,05-08-17
06,59,54,82,N,3,0,29.96,Light Rain,05-08-17
07,61,52,72,WNW,5,0,29.96,Fair,05-08-17
08,63,52,68,VAR,3,0,29.96,Fair,05-08-17
09,66,50,56,W,5,0,29.98,Fair,05-08-17
10,68,50,52,WSW,8,0,29.98,Fair,05-08-17
11,64,54,68,NW,10,0,29.98,Light Rain,05-08-17
12,66,52,60,WNW,13,0,29.98,Fair,05-08-17
13,64,52,64,W,8,0,30.01,Fair,05-08-17
14,66,50,56,W,8,0,30.01,Mostly Cloudy,05-08-17
15,64,48,56,WNW,7,0,30.04,Light Rain,05-08-17
16,66,46,49,W,9,0,30.04,Fair,05-08-17
17,66,46,49,WNW,8,0,30.04,Fair,05-08-17
18,68,46,46,W,12,0,30.07,Fair,05-08-17
19,66,46,49,WNW,9,0,30.07,Fair,05-08-17
20,64,48,56,WSW,8,0,30.1,Mostly Cloudy,05-08-17
21,64,48,56,WSW,15,0,30.1,Fair,05-08-17
22,63,48,59,WSW,9,0,30.13,Fair,05-08-17
23,61,50,68,WSW,7,0,30.13,Fair,06-08-17
00,59,50,72,WSW,8,0,30.13,Fair,06-08-17
01,57,50,77,SW,12,0,30.13,Fair,06-08-17
02,55,50,82,WSW,7,0,30.13,Fair,06-08-17
03,55,50,82,SW,10,0,30.13,Fair,06-08-17
04,54,50,88,SW,9,0,30.13,Fair,06-08-17
05,54,50,88,WSW,7,0,30.16,Fair,06-08-17
06,55,52,88,SW,7,0,30.16,Fair,06-08-17
07,59,52,77,SW,7,0,30.19,Fair,06-08-17
08,63,52,68,WSW,7,0,30.19,Fair,06-08-17
09,64,50,59,WSW,8,0,30.19,Fair,06-08-17
10,66,50,56,SW,12,0,30.19,Fair,06-08-17
11,68,48,49,SW,10,0,30.16,Fair,06-08-17
12,68,48,49,W,12,0,30.16,Fair,06-08-17
13,72,46,41,SW,13,0,30.16,Fair,06-08-17
14,70,45,40,WSW,13,0,30.13,Fair,06-08-17
15,70,46,43,WSW,12,0,30.13,Fair,06-08-17
16,70,48,46,SW,13,0,30.13,Fair,06-08-17
17,70,50,49,WSW,14,0,30.13,Fair,06-08-17
18,68,52,56,WSW,13,0,30.13,Fair,06-08-17
19,66,52,60,SW,14,0,30.13,Fair,06-08-17
20,64,52,64,SSW,10,0,30.13,Fair,06-08-17
21,63,52,68,SW,7,0,30.13,Fair,06-08-17
22,61,52,72,SSW,7,0,30.13,Fair,06-08-17
23,61,52,72,WSW,8,0,30.1,Fair,07-08-17
00,59,52,77,WSW,8,0,30.1,Fair,07-08-17
01,59,52,77,SW,8,0,30.1,Fair,07-08-17
02,57,52,82,SW,8,0,30.07,Fair,07-08-17
03,57,54,88,SW,7,0,30.07,Fair,07-08-17
04,57,54,88,SW,9,0,30.04,Fair,07-08-17
05,57,54,88,SW,6,0,30.04,Fair,07-08-17
06,59,54,82,SW,10,22,30.04,Fair,07-08-17
07,61,55,82,SW,10,0,30.04,Cloudy,07-08-17
08,63,55,77,SW,10,0,30.04,Mostly Cloudy,07-08-17
09,64,55,73,VAR,9,0,30.04,Cloudy,07-08-17
10,66,55,68,SW,12,0,30.04,Cloudy,07-08-17
11,66,55,68,SSW,9,24,30.04,Cloudy,07-08-17
12,68,57,68,SW,8,0,30.01,Mostly Cloudy,07-08-17
13,68,55,64,SW,12,23,30.01,Mostly Cloudy,07-08-17
14,70,55,60,SW,9,0,29.98,Cloudy,07-08-17
15,70,57,64,SW,12,23,29.98,Fair,07-08-17
16,68,57,68,VAR,10,22,29.98,Mostly Cloudy,07-08-17
17,68,55,64,SW,7,18,29.96,Partly Cloudy,07-08-17
18,68,57,68,SW,10,22,29.96,Mostly Cloudy,07-08-17
19,66,57,73,W,9,0,29.96,Mostly Cloudy,07-08-17
20,64,57,77,WSW,6,0,29.96,Mostly Cloudy,07-08-17
21,64,59,83,WNW,7,0,29.96,Mostly Cloudy,07-08-17
22,63,59,88,VAR,2,0,29.93,Fair,07-08-17
23,63,59,88,VAR,2,0,29.93,Mostly Cloudy,08-08-17
00,63,59,88,ENE,3,0,29.9,Cloudy,08-08-17
01,63,59,88,NE,5,0,29.9,Cloudy,08-08-17
02,63,59,88,NE,5,0,29.87,Cloudy,08-08-17
03,61,59,94,SE,5,0,29.87,Cloudy,08-08-17
04,61,57,88,VAR,1,0,29.84,Haze,08-08-17
05,59,57,94,WSW,3,0,29.84,Fair,08-08-17
06,61,57,88,WSW,7,0,29.84,Mostly Cloudy,08-08-17
07,63,57,82,W,7,0,29.81,Partly Cloudy,08-08-17
08,63,57,82,W,8,0,29.81,Partly Cloudy,08-08-17
09,64,57,77,SW,8,0,29.81,Fair,08-08-17
10,64,55,73,WSW,10,0,29.81,Mostly Cloudy,08-08-17
11,64,55,73,WNW,12,0,29.81,Mostly Cloudy,08-08-17
12,64,55,73,WNW,12,0,29.78,Mostly Cloudy,08-08-17
13,64,54,68,W,15,0,29.78,Mostly Cloudy,08-08-17
14,63,54,72,WNW,13,0,29.81,Mostly Cloudy,08-08-17
15,63,54,72,WNW,14,0,29.81,Mostly Cloudy,08-08-17
16,61,54,77,WNW,14,0,29.81,Cloudy,08-08-17
17,61,54,77,WNW,15,0,29.81,Cloudy,08-08-17
18,61,54,77,WNW,13,0,29.84,Cloudy,08-08-17
19,59,52,77,WNW,12,0,29.84,Mostly Cloudy,08-08-17
20,59,52,77,WNW,12,0,29.84,Cloudy,08-08-17
21,61,52,72,W,10,0,29.84,Cloudy,08-08-17
22,59,52,77,WNW,9,0,29.87,Partly Cloudy,08-08-17
23,59,52,77,W,12,0,29.87,Mostly Cloudy,09-08-17
00,59,52,77,W,13,0,29.87,Mostly Cloudy,09-08-17
01,59,52,77,W,9,0,29.84,Cloudy,09-08-17
02,59,52,77,WSW,10,0,29.84,Cloudy,09-08-17
03,59,54,82,W,8,0,29.84,Cloudy,09-08-17
04,59,54,82,W,6,0,29.87,Mostly Cloudy,09-08-17
05,59,54,82,WNW,7,0,29.87,Cloudy,09-08-17
06,59,54,82,W,5,0,29.87,Cloudy,09-08-17
07,59,54,82,W,7,0,29.9,Cloudy,09-08-17
08,59,57,94,W,6,0,29.9,Light Rain,09-08-17
09,59,57,94,WNW,7,0,29.93,Light Rain,09-08-17
10,59,57,94,NNW,5,0,29.93,Light Rain,09-08-17
11,59,57,94,VAR,6,0,29.96,Light Rain,09-08-17
12,61,57,88,WNW,7,0,29.96,Light Rain,09-08-17
13,61,59,94,NNW,9,0,29.98,Light Rain,09-08-17
14,59,57,94,N,14,0,29.98,Light Rain,09-08-17
15,59,55,88,NNW,8,0,30.01,Rain,09-08-17
16,59,55,88,N,13,0,30.01,Light Rain,09-08-17
17,59,55,88,NNW,14,0,30.04,Light Rain,09-08-17
18,59,55,88,NNW,14,28,30.04,Light Rain,09-08-17
19,59,55,88,N,13,0,30.07,Light Rain,09-08-17
20,57,55,94,N,12,0,30.1,Light Rain,09-08-17
21,59,55,88,NNW,16,0,30.1,Light Rain,09-08-17
22,59,55,88,N,12,0,30.1,Fair,09-08-17
23,57,54,88,N,12,0,30.13,Fair,10-08-17
00,57,54,88,N,10,0,30.13,Mostly Cloudy,10-08-17
01,57,54,88,NNW,8,0,30.16,Partly Cloudy,10-08-17
02,57,54,88,NNW,10,0,30.16,Mostly Cloudy,10-08-17
03,57,54,88,N,8,0,30.16,Mostly Cloudy,10-08-17
04,55,52,88,NNW,12,0,30.16,Mostly Cloudy,10-08-17
05,55,52,88,NNW,12,0,30.16,Mostly Cloudy,10-08-17
06,55,52,88,N,8,0,30.19,Mostly Cloudy,10-08-17
07,55,52,88,N,8,0,30.19,Fair,10-08-17
08,57,52,82,N,8,0,30.19,Fair,10-08-17
09,61,52,72,N,13,0,30.22,Fair,10-08-17
10,61,52,72,N,12,0,30.22,Mostly Cloudy,10-08-17
11,63,52,68,N,8,0,30.22,Cloudy,10-08-17
12,63,52,68,N,7,0,30.22,Cloudy,10-08-17
13,66,52,60,VAR,6,0,30.19,Partly Cloudy,10-08-17
14,66,50,56,N,7,0,30.19,Cloudy,10-08-17
15,68,50,52,NNW,7,0,30.19,Fair,10-08-17
16,68,48,49,N,10,0,30.16,Fair,10-08-17
17,68,46,46,NNE,7,0,30.16,Fair,10-08-17
18,68,48,49,N,8,0,30.16,Fair,10-08-17
19,66,48,52,NNW,5,0,30.16,Fair,10-08-17
20,64,50,59,E,6,0,30.19,Fair,10-08-17
21,61,52,72,ESE,3,0,30.19,Fair,10-08-17
22,59,52,77,VAR,2,0,30.19,Fair,10-08-17
23,59,54,82,VAR,3,0,30.16,Fair,11-08-17
00,57,52,82,WSW,5,0,30.16,Fair,11-08-17
01,57,54,88,SW,3,0,30.13,Fair,11-08-17
02,57,52,82,SW,5,0,30.13,Fair,11-08-17
03,55,52,88,SW,6,0,30.13,Fair,11-08-17
04,54,52,94,SW,9,0,30.1,Fair,11-08-17
05,54,52,94,WSW,8,0,30.1,Fair,11-08-17
06,55,52,88,SW,8,0,30.1,Fair,11-08-17
07,57,54,88,WSW,9,0,30.1,Fair,11-08-17
08,61,54,77,WSW,10,0,30.1,Fair,11-08-17
09,64,54,68,W,12,0,30.07,Fair,11-08-17
10,66,52,60,WSW,10,0,30.07,Fair,11-08-17
11,68,50,52,W,14,0,30.07,Fair,11-08-17
12,70,50,49,WSW,14,0,30.04,Fair,11-08-17
13,70,48,46,W,17,0,30.04,Fair,11-08-17
14,70,52,53,W,15,0,30.01,Fair,11-08-17
15,70,50,49,W,18,0,30.01,Fair,11-08-17
16,70,54,56,W,18,0,30.01,Fair,11-08-17
17,68,54,60,W,16,28,29.98,Light Rain,11-08-17
18,66,54,64,WSW,17,0,29.98,Partly Cloudy,11-08-17
19,66,55,68,WSW,15,0,29.98,Partly Cloudy,11-08-17
20,64,55,73,SW,13,0,29.98,Mostly Cloudy,11-08-17
21,63,57,82,SW,9,0,29.98,Cloudy,11-08-17
22,64,57,77,SW,15,0,29.98,Cloudy,11-08-17
23,64,57,77,WSW,13,0,29.96,Cloudy,12-08-17
00,64,59,83,WSW,10,0,29.93,Cloudy,12-08-17
01,64,59,83,WSW,13,0,29.93,Cloudy,12-08-17
02,64,59,83,WSW,12,0,29.93,Cloudy,12-08-17
03,63,61,94,WSW,9,0,29.93,Cloudy,12-08-17
04,63,61,94,WSW,9,0,29.93,Light Rain,12-08-17
05,63,61,94,WSW,8,0,29.93,Light Rain,12-08-17
06,64,61,88,WSW,13,0,29.93,Mostly Cloudy,12-08-17
07,64,61,88,WSW,13,0,29.93,Mostly Cloudy,12-08-17
08,66,59,78,W,13,0,29.93,Mostly Cloudy,12-08-17
09,68,57,68,W,13,0,29.93,Mostly Cloudy,12-08-17
10,68,55,64,WSW,16,0,29.93,Mostly Cloudy,12-08-17
11,72,55,57,W,14,0,29.96,Mostly Cloudy,12-08-17
12,70,54,56,W,14,0,29.96,Mostly Cloudy,12-08-17
13,70,54,56,WNW,13,0,29.96,Mostly Cloudy,12-08-17
14,70,50,49,WNW,14,0,29.98,Mostly Cloudy,12-08-17
15,70,50,49,WNW,13,0,29.98,Fair,12-08-17
16,70,52,53,W,13,0,29.98,Fair,12-08-17
17,70,50,49,W,10,0,29.98,Fair,12-08-17
18,70,50,49,W,9,0,29.98,Fair,12-08-17
19,70,50,49,W,10,0,30.01,Fair,12-08-17
20,68,52,56,WNW,9,0,30.01,Fair,12-08-17
21,68,52,56,WNW,10,0,30.04,Mostly Cloudy,12-08-17
22,66,52,60,WNW,9,0,30.04,Fair,12-08-17
23,64,50,59,WNW,9,0,30.07,Fair,13-08-17
00,63,50,63,WNW,12,0,30.07,Fair,13-08-17
01,61,50,68,WNW,8,0,30.07,Fair,13-08-17
02,61,48,63,WNW,8,0,30.1,Fair,13-08-17
03,59,48,67,NW,6,0,30.1,Fair,13-08-17
04,59,48,67,WNW,7,0,30.1,Fair,13-08-17
05,57,48,72,WNW,7,0,30.1,Fair,13-08-17
06,57,48,72,NW,5,0,30.13,Fair,13-08-17
07,59,48,67,NNW,7,0,30.13,Fair,13-08-17
08,63,48,59,NNW,7,0,30.16,Fair,13-08-17
09,64,46,52,VAR,3,0,30.16,Fair,13-08-17
10,66,45,46,VAR,5,0,30.16,Fair,13-08-17
11,68,43,40,NW,7,0,30.16,Fair,13-08-17
12,68,43,40,NW,7,0,30.13,Fair,13-08-17
13,70,43,38,W,8,0,30.13,Fair,13-08-17
14,72,43,35,VAR,7,0,30.13,Fair,13-08-17
15,72,45,38,VAR,6,0,30.13,Fair,13-08-17
16,72,43,35,VAR,5,0,30.1,Fair,13-08-17
17,72,45,38,E,6,0,30.1,Fair,13-08-17
18,72,43,35,SW,7,0,30.1,Fair,13-08-17
19,70,45,40,SW,8,21,30.1,Fair,13-08-17
20,68,46,46,SW,12,0,30.13,Fair,13-08-17
21,64,48,56,SSW,6,0,30.13,Fair,13-08-17
22,63,48,59,S,5,0,30.13,Fair,13-08-17
23,61,48,63,SW,5,0,30.1,Fair,14-08-17
00,61,48,63,S,5,0,30.1,Fair,14-08-17
01,59,48,67,VAR,3,0,30.1,Fair,14-08-17
02,59,50,72,E,6,0,30.1,Fair,14-08-17
03,59,50,72,VAR,3,0,30.07,Fair,14-08-17
04,59,52,77,ENE,3,0,30.07,Fair,14-08-17
05,57,50,77,E,6,0,30.07,Fair,14-08-17
06,61,50,68,E,5,0,30.07,Fair,14-08-17
07,63,52,68,E,6,0,30.07,Fair,14-08-17
08,64,54,68,SSE,6,0,30.07,Fair,14-08-17
09,68,52,56,SW,8,0,30.04,Fair,14-08-17
10,70,54,56,SSE,9,21,30.04,Partly Cloudy,14-08-17
11,72,52,50,SSE,9,0,30.01,Partly Cloudy,14-08-17
12,73,52,47,VAR,7,0,29.98,Fair,14-08-17
13,73,52,47,SSE,10,0,29.98,Fair,14-08-17
14,75,52,44,SSE,10,0,29.98,Partly Cloudy,14-08-17
15,73,52,47,SW,12,0,29.96,Fair,14-08-17
16,73,50,44,SSW,10,0,29.96,Fair,14-08-17
17,73,50,44,S,9,0,29.96,Fair,14-08-17
18,72,48,43,S,9,0,29.93,Fair,14-08-17
19,72,50,46,S,8,0,29.96,Fair,14-08-17
20,70,52,53,S,7,0,29.96,Fair,14-08-17
21,68,52,56,SSW,7,0,29.93,Fair,14-08-17
22,66,52,60,S,7,0,29.93,Fair,14-08-17
23,64,52,64,VAR,2,0,29.93,Fair,15-08-17
00,64,52,64,VAR,1,0,29.93,Fair,15-08-17
01,64,52,64,SSW,3,0,29.9,Fair,15-08-17
02,63,54,72,SE,5,0,29.87,Fair,15-08-17
03,63,54,72,W,3,0,29.9,Fair,15-08-17
04,64,54,68,VAR,3,0,29.9,Fair,15-08-17
05,63,55,77,VAR,3,0,29.9,Fair,15-08-17
06,64,55,73,W,5,0,29.9,Fair,15-08-17
07,64,55,73,WNW,9,0,29.93,Fair,15-08-17
08,66,55,68,WNW,7,0,29.93,Fair,15-08-17
09,66,55,68,NW,7,0,29.93,Fair,15-08-17
10,70,55,60,WSW,10,0,29.93,Fair,15-08-17
11,70,57,64,WSW,10,0,29.93,Fair,15-08-17
12,72,55,57,WSW,12,0,29.96,Fair,15-08-17
13,72,54,53,W,15,0,29.96,Partly Cloudy,15-08-17
14,73,54,50,W,14,0,29.96,Partly Cloudy,15-08-17
15,73,50,44,W,12,0,29.96,Fair,15-08-17
16,73,50,44,WSW,13,0,29.96,Fair,15-08-17
17,73,50,44,W,12,0,29.98,Fair,15-08-17
18,72,50,46,W,13,0,29.98,Fair,15-08-17
19,70,48,46,W,9,0,30.01,Fair,15-08-17
20,68,46,46,W,7,0,30.04,Fair,15-08-17
21,68,48,49,W,9,0,30.07,Fair,15-08-17
22,66,46,49,W,9,0,30.07,Fair,15-08-17
23,64,48,56,SW,5,0,30.07,Fair,16-08-17
00,63,48,59,SW,6,0,30.07,Fair,16-08-17
01,61,50,68,SW,6,0,30.07,Fair,16-08-17
02,59,48,67,SW,6,0,30.1,Fair,16-08-17
03,59,48,67,SW,5,0,30.07,Fair,16-08-17
04,57,48,72,SSW,6,0,30.07,Fair,16-08-17
05,57,50,77,SW,5,0,30.1,Fair,16-08-17
06,59,50,72,SW,7,0,30.1,Fair,16-08-17
07,61,50,68,SW,6,0,30.1,Fair,16-08-17
08,63,52,68,SW,6,0,30.1,Fair,16-08-17
09,66,52,60,SSW,9,0,30.1,Fair,16-08-17
10,68,54,60,VAR,12,25,30.1,Fair,16-08-17
11,70,52,53,SSW,12,0,30.1,Fair,16-08-17
12,70,52,53,SW,12,0,30.07,Partly Cloudy,16-08-17
13,72,50,46,SW,10,0,30.07,Fair,16-08-17
14,72,50,46,WSW,17,0,30.04,Fair,16-08-17
15,73,50,44,SSW,14,0,30.04,Fair,16-08-17
16,72,52,50,SW,13,26,30.01,Fair,16-08-17
17,70,52,53,SSW,12,0,30.01,Fair,16-08-17
18,68,54,60,SSW,13,0,30.01,Fair,16-08-17
19,68,52,56,SSW,13,25,30.01,Fair,16-08-17
20,64,52,64,SSW,8,0,30.01,Fair,16-08-17
21,64,52,64,S,9,0,29.98,Fair,16-08-17
22,63,52,68,SSE,7,0,29.96,Fair,16-08-17
23,64,52,64,SSE,9,0,29.93,Fair,17-08-17
00,64,54,68,S,8,0,29.93,Light Rain,17-08-17
01,61,57,88,S,6,0,29.9,Light Rain,17-08-17
02,63,59,88,S,7,0,29.87,Cloudy,17-08-17
03,63,59,88,SSW,8,0,29.84,Light Rain,17-08-17
04,64,61,88,SSW,12,0,29.84,Light Rain,17-08-17
05,64,61,88,SSW,10,0,29.81,Light Rain,17-08-17
06,66,63,88,SW,12,0,29.84,Light Rain,17-08-17
07,66,63,88,SW,7,0,29.81,Mostly Cloudy,17-08-17
08,68,64,88,SW,10,0,29.81,Light Rain,17-08-17
09,68,64,88,SSW,12,0,29.81,Mostly Cloudy,17-08-17
10,70,63,78,SW,15,0,29.84,Mostly Cloudy,17-08-17
11,72,61,69,SW,14,0,29.84,Mostly Cloudy,17-08-17
12,73,61,65,WSW,15,28,29.81,Mostly Cloudy,17-08-17
13,75,59,57,WSW,18,0,29.81,Mostly Cloudy,17-08-17
14,75,59,57,SW,16,0,29.81,Partly Cloudy,17-08-17
15,75,59,57,SW,15,0,29.84,Partly Cloudy,17-08-17
16,73,59,61,SW,16,0,29.84,Mostly Cloudy,17-08-17
17,73,59,61,SW,15,0,29.84,Mostly Cloudy,17-08-17
18,72,57,60,SW,14,25,29.84,Partly Cloudy,17-08-17
19,68,57,68,SW,18,0,29.87,Fair,17-08-17
20,68,59,73,SW,10,0,29.87,Mostly Cloudy,17-08-17
21,66,59,78,SW,12,0,29.84,Fair,17-08-17
22,64,57,77,WSW,13,0,29.87,Partly Cloudy,17-08-17
23,64,57,77,SW,12,0,29.84,Fair,18-08-17
00,63,57,82,SW,12,0,29.84,Fair,18-08-17
01,63,55,77,SW,9,0,29.84,Fair,18-08-17
02,63,57,82,SW,8,0,29.84,Partly Cloudy,18-08-17
03,63,57,82,SSW,9,0,29.81,Mostly Cloudy,18-08-17
04,63,57,82,SSW,8,0,29.78,Light Rain,18-08-17
05,61,59,94,WSW,10,0,29.78,Light Rain,18-08-17
06,63,55,77,WSW,13,0,29.81,Fair,18-08-17
07,63,55,77,WSW,12,0,29.81,Mostly Cloudy,18-08-17
08,64,55,73,WSW,16,0,29.81,Partly Cloudy,18-08-17
09,64,52,64,W,17,0,29.84,Mostly Cloudy,18-08-17
10,66,52,60,WSW,15,0,29.84,Mostly Cloudy,18-08-17
11,68,50,52,W,13,0,29.81,Fair,18-08-17
12,64,54,68,WSW,9,0,29.81,Fair,18-08-17
13,63,50,63,WNW,20,0,29.81,Partly Cloudy,18-08-17
14,64,50,59,WSW,18,0,29.81,T-Storm,18-08-17
15,59,50,72,WSW,18,0,29.87,Light Rain,18-08-17
16,61,48,63,WSW,14,0,29.84,Fair,18-08-17
17,63,50,63,WSW,15,0,29.84,Fair,18-08-17
18,63,50,63,WSW,15,0,29.87,Fair,18-08-17
19,61,50,68,SW,12,0,29.87,Fair,18-08-17
20,61,50,68,SW,9,0,29.87,Fair,18-08-17
21,61,50,68,SW,10,0,29.84,Fair,18-08-17
22,61,48,63,SW,18,0,29.84,Fair,18-08-17
23,59,50,72,WSW,20,0,29.84,Mostly Cloudy,19-08-17
00,59,52,77,WSW,20,0,29.87,Mostly Cloudy,19-08-17
01,59,52,77,WSW,17,0,29.87,Mostly Cloudy,19-08-17
02,57,52,82,WSW,14,0,29.9,Partly Cloudy,19-08-17
03,57,54,88,WSW,12,0,29.9,Mostly Cloudy,19-08-17
04,57,54,88,WSW,12,0,29.93,Mostly Cloudy,19-08-17
05,57,54,88,WSW,13,0,29.96,Mostly Cloudy,19-08-17
06,57,54,88,WSW,13,0,29.96,Mostly Cloudy,19-08-17
07,61,52,72,WSW,12,0,29.98,Fair,19-08-17
08,61,52,72,WSW,15,0,30.01,Fair,19-08-17
09,63,50,63,WSW,15,0,30.01,Fair,19-08-17
10,64,50,59,WSW,18,0,30.01,Partly Cloudy,19-08-17
11,66,48,52,W,16,0,30.01,Fair,19-08-17
12,66,48,52,W,17,0,30.01,Fair,19-08-17
13,66,46,49,W,17,30,30.01,Fair,19-08-17
14,66,46,49,W,17,0,30.01,Fair,19-08-17
15,68,45,43,WSW,17,0,30.04,Fair,19-08-17
16,66,45,46,W,22,0,30.04,Fair / Windy,19-08-17
17,66,46,49,W,20,35,30.04,Fair,19-08-17
18,64,46,52,W,18,0,30.07,Fair,19-08-17
19,64,46,52,W,16,29,30.07,Fair,19-08-17
20,63,46,55,WSW,14,0,30.1,Fair,19-08-17
21,61,46,59,W,12,0,30.1,Fair,19-08-17
22,59,48,67,WSW,10,0,30.13,Fair,19-08-17
23,57,48,72,WSW,9,0,30.13,Fair,20-08-17
00,57,48,72,WSW,10,0,30.13,Fair,20-08-17
01,55,48,77,SW,10,0,30.13,Fair,20-08-17
02,55,50,82,WSW,12,0,30.16,Fair,20-08-17
03,55,50,82,WSW,8,0,30.16,Fair,20-08-17
04,54,48,82,SW,8,0,30.16,Fair,20-08-17
05,54,48,82,WSW,7,0,30.16,Fair,20-08-17
06,54,50,88,WSW,8,0,30.19,Fair,20-08-17
07,57,50,77,SW,9,0,30.19,Fair,20-08-17
08,61,52,72,W,10,0,30.22,Fair,20-08-17
09,63,50,63,W,9,0,30.22,Fair,20-08-17
10,64,48,56,WSW,13,0,30.22,Fair,20-08-17
11,68,50,52,WSW,13,0,30.22,Mostly Cloudy,20-08-17
12,70,48,46,SW,10,0,30.22,Partly Cloudy,20-08-17
13,68,46,46,WSW,13,0,30.22,Fair,20-08-17
14,68,48,49,WSW,10,0,30.19,Fair,20-08-17
15,70,46,43,SW,10,0,30.19,Fair,20-08-17
16,68,48,49,SW,10,0,30.19,Fair,20-08-17
17,66,54,64,WSW,12,0,30.19,Light Rain,20-08-17
18,64,54,68,SW,10,22,30.19,Light Rain,20-08-17
19,61,54,77,SW,15,0,30.22,Light Rain,20-08-17
20,61,55,82,WSW,9,0,30.19,Light Rain,20-08-17
21,59,55,88,SW,9,0,30.22,Light Rain,20-08-17
22,59,55,88,VAR,3,0,30.19,Light Rain,20-08-17
23,59,55,88,S,5,0,30.19,Light Rain,21-08-17
00,59,55,88,SSE,6,0,30.16,Light Rain,21-08-17
01,59,55,88,SSE,7,0,30.16,Light Rain,21-08-17
02,59,55,88,ESE,5,0,30.16,Rain,21-08-17
03,59,57,94,E,9,0,30.13,Light Drizzle,21-08-17
04,59,57,94,E,13,0,30.13,Light Drizzle,21-08-17
05,59,57,94,E,12,0,30.13,Drizzle,21-08-17
06,59,57,94,E,10,0,30.13,Light Drizzle,21-08-17
07,59,59,10,E,12,0,30.13,Light Rain,21-08-17
08,61,59,94,E,12,0,30.13,Mostly Cloudy,21-08-17
09,63,59,88,E,10,0,30.16,Cloudy,21-08-17
10,63,59,88,ESE,9,0,30.16,Cloudy,21-08-17
11,64,59,83,SE,7,0,30.16,Cloudy,21-08-17
12,64,59,83,SE,7,0,30.16,Cloudy,21-08-17
13,64,59,83,E,9,0,30.13,Cloudy,21-08-17
14,64,59,83,E,8,0,30.13,Cloudy,21-08-17
15,66,59,78,E,7,0,30.13,Mostly Cloudy,21-08-17
16,66,61,83,E,5,0,30.13,Cloudy,21-08-17
17,66,61,83,E,6,0,30.13,Cloudy,21-08-17
18,66,61,83,ESE,8,0,30.13,Cloudy,21-08-17
19,66,61,83,E,7,0,30.13,Cloudy,21-08-17
20,64,61,88,E,8,0,30.13,Cloudy,21-08-17
21,64,61,88,E,6,0,30.13,Cloudy,21-08-17
22,64,61,88,E,6,0,30.13,Cloudy,21-08-17
23,64,61,88,E,5,0,30.13,Cloudy,22-08-17
00,64,61,88,E,5,0,30.13,Cloudy,22-08-17
01,64,61,88,ESE,3,0,30.1,Cloudy,22-08-17
02,64,61,88,E,5,0,30.1,Cloudy,22-08-17
03,64,61,88,ESE,5,0,30.1,Cloudy,22-08-17
04,64,61,88,SSE,5,0,30.1,Cloudy,22-08-17
05,64,61,88,S,6,0,30.1,Cloudy,22-08-17
06,64,61,88,SSE,5,0,30.1,Cloudy,22-08-17
07,64,59,83,VAR,3,0,30.1,Cloudy,22-08-17
08,66,59,78,S,5,0,30.1,Cloudy,22-08-17
09,66,61,83,VAR,1,0,30.1,Cloudy,22-08-17
10,68,61,78,ENE,6,0,30.1,Cloudy,22-08-17
11,70,61,73,E,6,0,30.1,Cloudy,22-08-17
12,70,61,73,E,8,0,30.07,Mostly Cloudy,22-08-17
13,72,61,69,E,10,0,30.04,Mostly Cloudy,22-08-17
14,73,63,69,E,16,0,30.04,Fair,22-08-17
15,72,61,69,E,14,0,30.04,Fair,22-08-17
16,72,61,69,E,15,0,30.01,Mostly Cloudy,22-08-17
17,70,59,68,E,15,0,30.01,Fair,22-08-17
18,68,59,73,E,12,0,30.01,Light Rain,22-08-17
19,66,61,83,E,12,0,29.98,Fair,22-08-17
20,66,61,83,E,10,0,29.98,Fair,22-08-17
21,64,61,88,E,12,0,29.98,Fair,22-08-17
22,64,61,88,E,17,0,29.96,Light Rain,22-08-17
23,64,61,88,E,9,0,29.96,Haze,23-08-17
00,64,61,88,E,9,0,29.93,Haze,23-08-17
01,64,61,88,E,9,0,29.93,Haze,23-08-17
02,63,61,94,E,8,0,29.9,Haze,23-08-17
03,63,61,94,E,9,0,29.9,Haze,23-08-17
04,63,61,94,E,9,0,29.87,Haze,23-08-17
05,63,61,94,ENE,6,0,29.87,Haze,23-08-17
06,64,63,94,E,5,0,29.87,Haze,23-08-17
07,68,63,83,E,5,0,29.87,Fair,23-08-17
08,70,63,78,SW,6,0,29.87,Fair,23-08-17
09,70,64,83,W,12,0,29.87,Mostly Cloudy,23-08-17
10,70,64,83,SW,13,24,29.87,Cloudy,23-08-17
11,70,63,78,WSW,12,0,29.9,Cloudy,23-08-17
12,70,61,73,WSW,13,0,29.9,Cloudy,23-08-17
13,70,59,68,W,14,0,29.9,Mostly Cloudy,23-08-17
14,72,57,60,W,15,0,29.9,Partly Cloudy,23-08-17
15,72,55,57,WSW,16,0,29.9,Mostly Cloudy,23-08-17
16,70,55,60,W,17,0,29.9,Fair,23-08-17
17,70,54,56,W,16,0,29.93,Fair,23-08-17
18,68,54,60,WSW,15,0,29.93,Fair,23-08-17
19,68,54,60,WSW,13,0,29.93,Fair,23-08-17
20,66,54,64,WSW,12,0,29.96,Fair,23-08-17
21,64,54,68,WSW,10,0,29.96,Fair,23-08-17
22,64,54,68,WSW,12,0,29.96,Fair,23-08-17
23,63,54,72,WSW,12,0,29.96,Fair,24-08-17
00,63,54,72,WSW,12,0,29.96,Fair,24-08-17
01,61,54,77,WSW,12,0,29.98,Fair,24-08-17
02,59,55,88,WSW,9,0,29.98,Fair,24-08-17
03,59,55,88,WSW,9,0,29.98,Fair,24-08-17
04,59,55,88,WSW,8,0,29.98,Fair,24-08-17
05,59,55,88,SW,7,0,29.98,Fair,24-08-17
06,59,55,88,WSW,9,21,29.98,Mostly Cloudy,24-08-17
07,63,55,77,WSW,8,0,30.01,Fair,24-08-17
08,64,55,73,WSW,10,0,30.01,Fair,24-08-17
09,64,55,73,WSW,8,0,30.01,Cloudy,24-08-17
10,68,54,60,WSW,12,23,30.01,Mostly Cloudy,24-08-17
11,70,52,53,W,13,0,30.01,Fair,24-08-17
12,70,52,53,WSW,12,0,30.01,Fair,24-08-17
13,72,52,50,WSW,12,28,30.01,Fair,24-08-17
14,70,52,53,W,13,0,30.01,Cloudy,24-08-17
15,70,52,53,W,13,0,30.01,Fair,24-08-17
16,70,52,53,W,13,0,30.01,Fair,24-08-17
17,70,52,53,W,9,0,30.01,Fair,24-08-17
18,68,52,56,WSW,9,0,30.01,Fair,24-08-17
19,68,52,56,WSW,8,0,30.01,Fair,24-08-17
20,66,54,64,WSW,7,0,30.01,Fair,24-08-17
21,64,55,73,WSW,8,0,30.04,Fair,24-08-17
22,64,57,77,SW,6,0,30.04,Fair,24-08-17
23,63,57,82,SSW,7,0,30.04,Fair,25-08-17
00,63,57,82,SW,5,0,30.04,Fair,25-08-17
01,61,57,88,SW,6,0,30.04,Fair,25-08-17
02,61,55,82,SW,5,0,30.01,Fair,25-08-17
03,59,55,88,SW,5,0,30.01,Fair,25-08-17
04,59,55,88,WSW,3,0,30.01,Fair,25-08-17
05,57,55,94,SSW,5,0,30.01,Fair,25-08-17
06,59,54,82,WSW,6,0,30.04,Fair,25-08-17
07,61,55,82,VAR,3,0,30.04,Fair,25-08-17
08,63,55,77,WNW,5,0,30.04,Fair,25-08-17
09,66,54,64,VAR,3,0,30.04,Fair,25-08-17
10,68,54,60,VAR,3,0,30.04,Fair,25-08-17
11,70,54,56,VAR,3,0,30.01,Fair,25-08-17
12,72,54,53,VAR,5,0,30.01,Fair,25-08-17
13,73,54,50,VAR,3,0,30.01,Fair,25-08-17
14,73,54,50,E,6,0,29.98,Fair,25-08-17
15,75,54,47,E,6,0,29.98,Fair,25-08-17
16,75,54,47,SSE,6,0,29.96,Fair,25-08-17
17,73,55,53,VAR,6,0,29.96,Fair,25-08-17
18,72,57,60,E,10,0,29.98,Fair,25-08-17
19,70,57,64,E,9,0,29.98,Fair,25-08-17
20,68,57,68,E,6,0,29.98,Mostly Cloudy,25-08-17
21,66,55,68,E,5,0,29.98,Fair,25-08-17
22,64,55,73,E,5,0,29.98,Fair,25-08-17
23,64,55,73,VAR,3,0,29.98,Fair,26-08-17
00,63,57,82,SW,3,0,29.98,Fair,26-08-17
01,63,55,77,SW,5,0,29.98,Fair,26-08-17
02,63,55,77,SSW,5,0,29.98,Fair,26-08-17
03,63,55,77,SW,3,0,29.96,Fair,26-08-17
04,63,55,77,SW,5,0,29.96,Fair,26-08-17
05,63,55,77,WSW,5,0,29.98,Fair,26-08-17
06,63,55,77,SW,3,0,29.98,Fair,26-08-17
07,64,55,73,SSW,5,0,29.98,Fair,26-08-17
08,66,57,73,WSW,5,0,29.98,Partly Cloudy,26-08-17
09,70,55,60,VAR,2,0,29.98,Fair,26-08-17
10,72,54,53,VAR,5,0,29.98,Fair,26-08-17
11,73,52,47,VAR,6,0,29.98,Fair,26-08-17
12,75,52,44,WSW,6,0,29.98,Fair,26-08-17
13,77,52,41,W,8,0,29.98,Fair,26-08-17
14,77,50,39,SW,5,0,29.96,Fair,26-08-17
15,75,54,47,W,8,0,29.96,Fair,26-08-17
16,77,54,44,VAR,5,0,29.96,Fair,26-08-17
17,75,55,50,N,6,0,29.96,Fair,26-08-17
18,73,55,53,N,7,0,29.98,Fair,26-08-17
19,73,55,53,VAR,3,0,29.98,Fair,26-08-17
20,72,55,57,VAR,3,0,29.98,Fair,26-08-17
21,70,55,60,VAR,2,0,30.01,Fair,26-08-17
22,68,57,68,CALM,0,0,30.01,Fair,26-08-17
23,68,59,73,CALM,0,0,30.01,Fair,27-08-17
00,66,59,78,VAR,1,0,30.01,Fair,27-08-17
01,64,57,77,CALM,0,0,30.01,Fair,27-08-17
02,66,55,68,NW,5,0,30.01,Fair,27-08-17
03,64,55,73,NNW,5,0,30.01,Fair,27-08-17
04,63,55,77,NNW,3,0,30.01,Fair,27-08-17
05,63,54,72,NNW,5,0,30.04,Light Rain,27-08-17
06,63,54,72,VAR,3,0,30.04,Fair,27-08-17
07,64,55,73,NE,7,0,30.04,Fair,27-08-17
08,66,55,68,NNE,7,0,30.07,Fair,27-08-17
09,68,55,64,VAR,3,0,30.07,Fair,27-08-17
10,72,55,57,VAR,3,0,30.07,Fair,27-08-17
11,75,55,50,VAR,5,0,30.07,Fair,27-08-17
12,75,55,50,VAR,5,0,30.04,Fair,27-08-17
13,77,54,44,NW,6,0,30.04,Fair,27-08-17
14,79,54,42,SE,6,0,30.04,Fair,27-08-17
15,79,54,42,VAR,3,0,30.04,Fair,27-08-17
16,79,54,42,VAR,3,0,30.04,Fair,27-08-17
17,79,55,44,N,5,0,30.01,Fair,27-08-17
18,75,59,57,E,9,0,30.04,Fair,27-08-17
19,73,61,65,E,7,0,30.04,Fair,27-08-17
20,70,61,73,E,7,0,30.07,Fair,27-08-17
21,68,61,78,E,7,0,30.07,Fair,27-08-17
22,66,61,83,E,9,0,30.07,Fair,27-08-17
23,66,61,83,E,10,0,30.07,Haze,28-08-17
00,64,61,88,E,8,0,30.07,Haze,28-08-17
01,64,61,88,E,5,0,30.07,Fair,28-08-17
02,63,61,94,E,7,0,30.07,Haze,28-08-17
03,63,59,88,ESE,6,0,30.04,Haze,28-08-17
04,63,59,88,E,5,0,30.04,Haze,28-08-17
05,63,59,88,NE,3,0,30.04,Haze,28-08-17
06,63,59,88,NNE,3,0,30.04,Haze,28-08-17
07,63,61,94,E,5,0,30.07,Fog,28-08-17
08,66,59,78,E,5,0,30.07,Haze,28-08-17
09,73,57,57,VAR,5,0,30.07,Fair,28-08-17
10,75,57,53,VAR,3,0,30.04,Fair,28-08-17
11,79,57,47,VAR,5,17,30.04,Fair,28-08-17
12,79,59,51,WSW,6,0,30.01,Fair,28-08-17
13,81,57,45,VAR,5,0,30.01,Fair,28-08-17
14,82,59,45,SW,6,0,29.98,Fair,28-08-17
15,82,59,45,SSE,6,0,29.98,Fair,28-08-17
16,81,57,45,SW,6,0,29.96,Fair,28-08-17
17,81,57,45,SSW,7,0,29.96,Fair,28-08-17
18,81,59,48,SSW,9,0,29.96,Fair,28-08-17
19,77,61,57,SSW,8,21,29.96,Fair,28-08-17
20,73,63,69,SW,8,0,29.98,Fair,28-08-17
21,72,61,69,SW,5,0,29.98,Fair,28-08-17
22,72,61,69,SW,7,0,29.96,Fair,28-08-17
16,77,57,50,WNW,9,0,29.84,Mostly Cloudy,29-08-17
17,77,57,50,WNW,7,0,29.84,Mostly Cloudy,29-08-17
18,75,61,61,N,7,0,29.84,Cloudy,29-08-17
19,73,61,65,NNE,7,0,29.84,Mostly Cloudy,29-08-17
20,68,59,73,N,10,0,29.84,Fair,29-08-17
21,66,59,78,N,9,0,29.87,Mostly Cloudy,29-08-17
22,64,57,77,NNW,9,0,29.87,Cloudy,29-08-17
23,63,57,82,N,10,0,29.84,Light Drizzle,30-08-17
00,59,57,94,N,9,0,29.87,Light Drizzle,30-08-17
01,59,57,94,N,8,0,29.84,Light Drizzle,30-08-17
02,59,55,88,N,10,0,29.84,Light Rain,30-08-17
03,57,54,88,NNE,9,0,29.87,Drizzle,30-08-17
04,57,55,94,N,6,0,29.84,Light Rain,30-08-17
05,57,52,82,N,8,0,29.84,Light Rain,30-08-17
06,57,50,77,NNW,7,0,29.87,Light Rain,30-08-17
07,57,50,77,N,9,0,29.87,Cloudy,30-08-17
08,57,50,77,NNW,6,0,29.9,Light Rain,30-08-17
09,59,50,72,NNW,9,0,29.9,Fair,30-08-17
10,57,50,77,NW,9,0,29.9,Partly Cloudy,30-08-17
11,57,50,77,VAR,7,0,29.93,Light Rain,30-08-17
12,57,50,77,NNW,7,0,29.9,Light Rain,30-08-17
13,57,52,82,NW,7,0,29.93,Light Rain,30-08-17
14,57,52,82,VAR,3,0,29.93,Light Rain,30-08-17
15,57,52,82,NNW,5,0,29.9,Light Rain,30-08-17
16,57,52,82,VAR,3,0,29.9,Light Rain,30-08-17
17,57,52,82,VAR,3,0,29.93,Light Rain,30-08-17
18,57,54,88,VAR,3,0,29.93,Light Rain,30-08-17
19,57,52,82,WNW,5,0,29.93,Fair,30-08-17
20,57,50,77,WNW,3,0,29.93,Fair,30-08-17
21,57,52,82,SW,7,0,29.93,Fair,30-08-17
22,55,52,88,SW,6,0,29.96,Fair,30-08-17
23,55,52,88,SW,7,0,29.96,Fair,31-08-17
00,55,52,88,SW,7,0,29.93,Fair,31-08-17
01,55,52,88,SW,7,0,29.93,Fair,31-08-17
02,54,52,94,WSW,6,0,29.93,Fair,31-08-17
03,52,50,94,SW,6,0,29.96,Fair,31-08-17
04,52,50,94,SW,7,0,29.96,Fair,31-08-17
05,52,50,94,SW,8,0,29.98,Fair,31-08-17
06,54,50,88,SW,7,0,29.98,Fair,31-08-17
07,55,50,82,SSW,7,0,29.98,Fair,31-08-17
08,59,52,77,SW,7,0,30.01,Fair,31-08-17
09,63,50,63,VAR,7,18,30.01,Fair,31-08-17
10,63,50,63,WSW,6,0,30.01,Mostly Cloudy,31-08-17
11,64,48,56,VAR,3,0,30.01,Fair,31-08-17
12,61,52,72,SSW,13,0,30.04,Light Rain,31-08-17
13,66,50,56,SW,9,0,30.04,Fair,31-08-17
14,68,48,49,VAR,6,0,30.01,Fair,31-08-17
15,68,48,49,SSW,7,0,30.01,Mostly Cloudy,31-08-17
16,68,48,49,SW,7,0,30.01,Partly Cloudy,31-08-17
17,68,46,46,SW,8,20,30.01,Partly Cloudy,31-08-17
18,66,48,52,W,8,0,30.04,Mostly Cloudy,31-08-17
19,63,50,63,SW,7,0,30.04,Fair,31-08-17
20,61,50,68,WSW,6,0,30.07,Fair,31-08-17
21,61,50,68,VAR,2,0,30.07,Fair,31-08-17
22,59,48,67,E,5,0,30.1,Fair,31-08-17
23,59,50,72,VAR,2,0,30.1,Fair,01-09-17
00,57,50,77,SW,3,0,30.07,Fair,01-09-17
01,55,50,82,SW,5,0,30.07,Fair,01-09-17
02,55,50,82,SW,6,0,30.07,Fair,01-09-17
03,55,52,88,VAR,3,0,30.1,Fair,01-09-17
04,54,52,94,VAR,2,0,30.1,Fair,01-09-17
05,54,50,88,VAR,3,0,30.1,Fair,01-09-17
06,54,50,88,NNW,3,0,30.13,Fair,01-09-17
07,57,50,77,VAR,2,0,30.13,Fair,01-09-17
08,59,50,72,VAR,5,0,30.16,Fair,01-09-17
09,63,50,63,NNE,7,0,30.16,Fair,01-09-17
10,64,50,59,VAR,7,0,30.16,Fair,01-09-17
11,66,48,52,N,6,0,30.16,Partly Cloudy,01-09-17
12,66,48,52,N,7,0,30.16,Partly Cloudy,01-09-17
13,68,46,46,N,6,0,30.13,Fair,01-09-17
14,70,45,40,NNW,7,0,30.13,Fair,01-09-17
15,70,45,40,N,7,0,30.13,Fair,01-09-17
16,68,45,43,NNW,8,0,30.13,Fair,01-09-17
17,68,46,46,N,9,0,30.13,Fair,01-09-17
18,66,48,52,N,5,0,30.13,Fair,01-09-17
19,66,46,49,VAR,3,0,30.16,Fair,01-09-17
20,66,48,52,ENE,5,0,30.16,Fair,01-09-17
21,64,48,56,NE,9,0,30.16,Fair,01-09-17
22,61,52,72,NNE,6,0,30.19,Thunder in the Vicinity,01-09-17
23,59,52,77,ENE,7,0,30.19,Fair,02-09-17
00,57,48,72,NNE,2,0,30.19,Fair,02-09-17
01,57,50,77,NNE,2,0,30.19,Fair,02-09-17
02,57,50,77,NNW,3,0,30.19,Fair,02-09-17
03,57,50,77,WNW,5,0,30.19,Fair,02-09-17
04,55,50,82,WNW,5,0,30.19,Fair,02-09-17
05,54,50,88,NNW,3,0,30.19,Fair,02-09-17
06,55,50,82,VAR,2,0,30.19,Fair,02-09-17
07,57,50,77,N,5,0,30.19,Fair,02-09-17
08,61,50,68,VAR,3,0,30.19,Fair,02-09-17
09,63,50,63,VAR,5,0,30.19,Partly Cloudy,02-09-17
10,64,48,56,VAR,2,0,30.19,Partly Cloudy,02-09-17
11,68,48,49,VAR,2,0,30.16,Fair,02-09-17
12,68,46,46,VAR,6,0,30.16,Partly Cloudy,02-09-17
13,70,46,43,SSE,6,0,30.16,Mostly Cloudy,02-09-17
14,70,46,43,VAR,3,0,30.13,Fair,02-09-17
15,70,45,40,ESE,6,0,30.1,Fair,02-09-17
16,70,45,40,WSW,5,0,30.1,Fair,02-09-17
17,68,45,43,VAR,3,0,30.1,Haze,02-09-17
18,68,45,43,SSE,7,0,30.07,Fair,02-09-17
19,66,46,49,S,7,0,30.07,Fair,02-09-17
20,63,52,68,SSW,9,0,30.07,Fair,02-09-17
21,61,52,72,SSW,5,0,30.07,Fair,02-09-17
22,59,52,77,SSW,7,0,30.07,Fair,02-09-17
23,59,52,77,SSE,6,0,30.07,Fair,03-09-17
00,57,52,82,VAR,3,0,30.07,Fair,03-09-17
01,57,52,82,SSE,5,0,30.04,Fair,03-09-17
02,57,52,82,SSE,5,0,30.01,Fair,03-09-17
03,55,52,88,E,8,0,30.01,Fair,03-09-17
04,57,52,82,SE,6,0,29.98,Fair,03-09-17
05,57,52,82,VAR,2,0,29.96,Fair,03-09-17
06,57,52,82,SE,7,0,29.96,Fair,03-09-17
07,59,52,77,ESE,8,0,29.96,Fair,03-09-17
08,61,54,77,SE,10,0,29.93,Fair,03-09-17
09,63,54,72,SSE,12,0,29.93,Partly Cloudy,03-09-17
10,64,54,68,SSE,10,0,29.9,Fair,03-09-17
11,66,54,64,S,10,0,29.9,Partly Cloudy,03-09-17
12,66,52,60,SSE,13,0,29.87,Partly Cloudy,03-09-17
13,66,46,49,S,14,26,29.87,Fair,03-09-17
14,64,46,52,S,10,0,29.87,Light Rain,03-09-17
15,63,48,59,S,12,0,29.84,Light Rain,03-09-17
16,63,48,59,S,9,0,29.84,Light Rain,03-09-17
17,59,52,77,S,13,0,29.84,Light Rain,03-09-17
18,59,52,77,SSE,13,0,29.81,Light Rain,03-09-17
19,57,54,88,SSE,9,0,29.84,Light Rain,03-09-17
20,57,54,88,SSE,10,0,29.84,Light Rain,03-09-17
21,59,54,82,SSE,9,0,29.84,Mostly Cloudy,03-09-17
22,59,55,88,SE,7,0,29.84,Cloudy,03-09-17
23,59,55,88,ESE,7,0,29.81,Cloudy,04-09-17
00,59,55,88,SE,6,0,29.81,Cloudy,04-09-17
01,59,57,94,ESE,7,0,29.81,Cloudy,04-09-17
02,61,57,88,SE,7,0,29.81,Cloudy,04-09-17
03,59,57,94,SE,6,0,29.78,Cloudy,04-09-17
04,59,57,94,ESE,5,0,29.78,Light Drizzle,04-09-17
05,61,59,94,ESE,6,0,29.81,Light Rain,04-09-17
06,61,59,94,ESE,6,0,29.81,Light Rain,04-09-17
07,63,59,88,SSE,6,0,29.81,Cloudy,04-09-17
08,64,61,88,S,7,0,29.84,Cloudy,04-09-17
09,64,61,88,S,6,0,29.84,Light Rain,04-09-17
10,68,61,78,SW,8,0,29.87,Cloudy,04-09-17
11,68,63,83,SSW,8,20,29.87,Cloudy,04-09-17
12,70,63,78,SSW,9,23,29.87,Cloudy,04-09-17
13,70,63,78,SW,7,0,29.87,Cloudy,04-09-17
14,72,63,73,WSW,10,0,29.87,Light Rain,04-09-17
15,72,64,78,SW,12,0,29.87,Mostly Cloudy,04-09-17
16,72,63,73,SSW,12,0,29.87,Mostly Cloudy,04-09-17
17,70,63,78,SW,13,0,29.9,Mostly Cloudy,04-09-17
18,68,63,83,SSW,12,24,29.9,Fair,04-09-17
19,66,61,83,SW,12,0,29.93,Mostly Cloudy,04-09-17
20,66,61,83,SW,14,0,29.93,Cloudy,04-09-17
21,64,61,88,SW,12,0,29.96,Cloudy,04-09-17
22,64,61,88,SW,10,0,29.96,Cloudy,04-09-17
23,64,59,83,SW,9,0,29.96,Cloudy,05-09-17
00,64,59,83,SSW,9,0,29.96,Cloudy,05-09-17
01,64,59,83,SW,7,0,29.96,Cloudy,05-09-17
02,64,59,83,SSW,12,0,29.93,Cloudy,05-09-17
03,64,59,83,SW,8,0,29.93,Mostly Cloudy,05-09-17
04,64,59,83,SW,10,0,29.9,Cloudy,05-09-17
05,64,57,77,SSW,9,0,29.9,Cloudy,05-09-17
06,64,57,77,WSW,12,0,29.93,Cloudy,05-09-17
07,63,59,88,SW,10,0,29.93,Light Rain,05-09-17
08,66,59,78,SW,12,0,29.93,Cloudy,05-09-17
09,66,59,78,SW,10,0,29.93,Mostly Cloudy,05-09-17
10,66,59,78,SW,10,0,29.9,Light Rain,05-09-17
11,68,59,73,WSW,13,0,29.9,Mostly Cloudy,05-09-17
12,68,59,73,SW,13,0,29.9,Cloudy,05-09-17
13,70,59,68,SW,14,0,29.9,Cloudy,05-09-17
14,70,59,68,SSW,13,24,29.87,Light Rain,05-09-17
15,68,61,78,SW,13,0,29.9,Light Rain,05-09-17
16,66,61,83,SSW,12,0,29.87,Light Rain,05-09-17
17,68,61,78,SW,13,0,29.87,Mostly Cloudy,05-09-17
18,66,61,83,SW,9,21,29.87,Cloudy,05-09-17
19,66,61,83,WSW,9,0,29.9,Cloudy,05-09-17
20,66,61,83,WSW,12,0,29.9,Mostly Cloudy,05-09-17
21,63,57,82,WNW,20,0,29.93,Light Rain,05-09-17
22,63,54,72,WNW,14,0,29.96,Mostly Cloudy,05-09-17
23,61,55,82,W,14,0,29.98,Fair,06-09-17
00,61,54,77,W,17,0,29.98,Fair,06-09-17
01,59,52,77,W,15,0,30.01,Fair,06-09-17
02,57,50,77,WSW,13,0,30.01,Fair,06-09-17
03,57,52,82,WSW,13,0,30.01,Fair,06-09-17
04,55,52,88,WSW,13,0,30.01,Fair,06-09-17
05,57,52,82,WSW,12,0,30.04,Fair,06-09-17
06,57,52,82,WSW,13,0,30.04,Fair,06-09-17
07,59,52,77,WSW,16,0,30.04,Fair,06-09-17
08,61,52,72,WSW,13,0,30.07,Fair,06-09-17
09,63,50,63,W,13,0,30.07,Partly Cloudy,06-09-17
10,64,48,56,WNW,14,0,30.07,Partly Cloudy,06-09-17
11,64,48,56,W,15,0,30.07,Fair,06-09-17
12,66,46,49,W,17,0,30.07,Fair,06-09-17
13,66,46,49,W,16,0,30.07,Partly Cloudy,06-09-17
14,66,46,49,WNW,12,0,30.07,Partly Cloudy,06-09-17
15,66,46,49,W,16,0,30.04,Partly Cloudy,06-09-17
16,64,46,52,WNW,15,0,30.04,Fair,06-09-17
17,64,46,52,W,15,0,30.04,Fair,06-09-17
18,64,46,52,WNW,12,0,30.07,Fair,06-09-17
19,63,46,55,W,9,0,30.07,Fair,06-09-17
20,63,46,55,W,9,0,30.07,Fair,06-09-17
21,63,46,55,WNW,6,0,30.07,Fair,06-09-17
22,63,46,55,WSW,7,0,30.07,Mostly Cloudy,06-09-17
23,61,46,59,W,8,0,30.07,Cloudy,07-09-17
00,61,48,63,WNW,7,0,30.04,Partly Cloudy,07-09-17
01,59,48,67,SW,6,0,30.04,Mostly Cloudy,07-09-17
02,59,48,67,WSW,8,0,30.04,Fair,07-09-17
03,57,48,72,W,7,0,30.01,Light Rain,07-09-17
04,57,50,77,WSW,9,0,30.01,Fair,07-09-17
05,57,50,77,SSW,7,0,30.01,Fair,07-09-17
06,55,50,82,SW,8,21,30.01,Fair,07-09-17
07,57,50,77,WSW,6,18,29.98,Partly Cloudy,07-09-17
08,61,52,72,SW,8,0,29.98,Mostly Cloudy,07-09-17
09,63,54,72,WSW,10,0,29.96,Mostly Cloudy,07-09-17
10,64,54,68,WSW,12,0,29.96,Mostly Cloudy,07-09-17
11,64,52,64,SW,12,0,29.93,Light Rain,07-09-17
12,64,54,68,WSW,12,0,29.93,Partly Cloudy,07-09-17
13,68,52,56,WSW,13,0,29.9,Partly Cloudy,07-09-17
14,68,50,52,WSW,17,0,29.87,Fair,07-09-17
15,68,50,52,WSW,16,0,29.87,Mostly Cloudy,07-09-17
16,66,52,60,WSW,12,0,29.84,Cloudy,07-09-17
17,66,54,64,SW,15,0,29.84,Partly Cloudy,07-09-17
18,64,55,73,SW,13,0,29.81,Mostly Cloudy,07-09-17
19,64,55,73,SW,12,0,29.81,Mostly Cloudy,07-09-17
20,63,55,77,SW,14,0,29.78,Mostly Cloudy,07-09-17
21,63,55,77,SW,13,0,29.75,Partly Cloudy,07-09-17
22,63,55,77,SW,15,0,29.72,Mostly Cloudy,07-09-17
23,63,54,72,WSW,20,0,29.69,Light Rain,08-09-17
00,63,55,77,WSW,13,0,29.69,Cloudy,08-09-17
01,63,55,77,WSW,14,0,29.63,Mostly Cloudy,08-09-17
02,63,55,77,WSW,18,0,29.63,Cloudy,08-09-17
03,63,54,72,WSW,14,0,29.6,Mostly Cloudy,08-09-17
04,61,54,77,WSW,15,0,29.57,Light Rain,08-09-17
05,61,55,82,WSW,14,0,29.57,Light Rain,08-09-17
06,61,55,82,WSW,13,0,29.57,Light Rain,08-09-17
07,59,57,94,WSW,12,0,29.54,Light Rain,08-09-17
08,61,57,88,SW,13,30,29.54,Light Rain,08-09-17
09,63,57,82,SW,14,0,29.54,Mostly Cloudy,08-09-17
10,63,55,77,WSW,15,0,29.51,Light Rain,08-09-17
11,61,57,88,WSW,13,0,29.48,Light Rain,08-09-17
12,61,57,88,WSW,10,0,29.48,Light Rain,08-09-17
13,63,57,82,WSW,14,0,29.45,Partly Cloudy,08-09-17
14,63,57,82,WSW,17,0,29.42,Mostly Cloudy,08-09-17
15,66,57,73,WSW,16,0,29.42,Mostly Cloudy,08-09-17
16,66,55,68,SW,15,0,29.39,Partly Cloudy,08-09-17
17,64,54,68,WSW,12,0,29.39,Partly Cloudy,08-09-17
18,59,52,77,VAR,3,0,29.39,Light Rain,08-09-17
19,61,52,72,VAR,6,0,29.42,Mostly Cloudy,08-09-17
20,61,52,72,WSW,8,0,29.39,Fair,08-09-17
21,59,52,77,SSW,7,0,29.39,Fair,08-09-17
22,59,54,82,SW,7,0,29.39,Fair,08-09-17
23,57,54,88,SW,8,0,29.39,Fair,09-09-17
00,55,52,88,W,6,0,29.39,Fair,09-09-17
01,57,50,77,W,9,0,29.36,Fair,09-09-17
02,54,50,88,WSW,6,0,29.36,Fair,09-09-17
03,54,50,88,SW,8,0,29.36,Fair,09-09-17
04,54,50,88,SW,9,0,29.39,Fair,09-09-17
05,52,50,94,SW,8,0,29.39,Fair,09-09-17
06,54,50,88,SW,8,0,29.39,Fair,09-09-17
07,55,50,82,SW,8,0,29.42,Fair,09-09-17
08,57,50,77,WSW,9,0,29.42,Fair,09-09-17
09,61,50,68,WSW,13,0,29.42,Partly Cloudy,09-09-17
10,63,48,59,WSW,15,0,29.42,Partly Cloudy,09-09-17
11,63,48,59,W,13,0,29.42,Mostly Cloudy,09-09-17
12,64,46,52,WSW,13,0,29.42,Fair,09-09-17
13,64,48,56,W,14,0,29.42,Partly Cloudy,09-09-17
14,68,48,49,WSW,12,0,29.42,Fair,09-09-17
15,63,48,59,WNW,14,0,29.42,Partly Cloudy,09-09-17
16,63,50,63,WSW,13,0,29.45,Fair,09-09-17
17,61,48,63,W,12,0,29.45,Fair,09-09-17
18,61,50,68,WNW,10,0,29.45,Fair,09-09-17
19,59,50,72,W,12,0,29.48,Fair,09-09-17
20,57,52,82,SW,8,0,29.51,Fair,09-09-17
21,57,52,82,WSW,6,0,29.54,Fair,09-09-17
22,57,50,77,W,10,0,29.54,Fair,09-09-17
23,55,50,82,W,9,0,29.57,Fair,10-09-17
00,55,50,82,W,8,0,29.57,Fair,10-09-17
01,54,50,88,W,7,0,29.6,Fair,10-09-17
02,54,50,88,VAR,3,0,29.6,Fair,10-09-17
03,52,50,94,SW,8,0,29.6,Fair,10-09-17
04,52,48,88,SW,6,0,29.57,Fair,10-09-17
05,52,50,94,WSW,10,0,29.6,Fair,10-09-17
06,52,48,88,SW,10,0,29.6,Fair,10-09-17
07,54,50,88,SW,7,0,29.57,Fair,10-09-17
08,57,52,82,WSW,10,0,29.57,Fair,10-09-17
09,61,50,68,SW,13,0,29.54,Fair,10-09-17
10,63,50,63,SW,14,0,29.54,Fair,10-09-17
11,63,52,68,SW,15,28,29.51,Mostly Cloudy,10-09-17
12,63,54,72,SW,16,0,29.48,Mostly Cloudy,10-09-17
13,64,54,68,SW,17,0,29.45,Mostly Cloudy,10-09-17
14,61,52,72,SSW,15,0,29.42,Partly Cloudy,10-09-17
15,63,52,68,SW,22,0,29.39,Cloudy / Windy,10-09-17
16,61,54,77,SSW,20,0,29.34,Light Rain,10-09-17
17,61,55,82,SSW,17,30,29.31,Light Rain,10-09-17
18,61,57,88,SW,15,0,29.28,Mostly Cloudy,10-09-17
19,61,54,77,WSW,16,0,29.28,Mostly Cloudy,10-09-17
20,61,54,77,WSW,15,0,29.28,Mostly Cloudy,10-09-17
21,59,50,72,SW,20,0,29.28,Fair,10-09-17
22,59,50,72,WSW,18,0,29.28,Mostly Cloudy,10-09-17
23,57,48,72,WSW,18,0,29.31,Partly Cloudy,11-09-17
00,55,48,77,SW,16,0,29.28,Partly Cloudy,11-09-17
01,55,48,77,SW,16,0,29.28,Fair,11-09-17
02,55,46,72,WSW,15,28,29.28,Fair,11-09-17
03,55,46,72,SW,18,0,29.25,Fair,11-09-17
04,55,46,72,SW,18,0,29.25,Fair,11-09-17
05,55,46,72,SW,18,0,29.25,Fair,11-09-17
06,57,46,67,WSW,18,32,29.25,Light Rain,11-09-17
07,57,48,72,WSW,22,35,29.25,Light Rain / Windy,11-09-17
08,59,50,72,WSW,20,33,29.25,Mostly Cloudy,11-09-17
09,61,50,68,WSW,20,0,29.25,Mostly Cloudy,11-09-17
10,63,52,68,W,23,0,29.28,Mostly Cloudy / Windy,11-09-17
11,64,50,59,WSW,22,0,29.28,Partly Cloudy / Windy,11-09-17
12,66,52,60,WSW,22,38,29.28,Mostly Cloudy / Windy,11-09-17
13,68,52,56,WSW,22,0,29.28,Light Rain / Windy,11-09-17
14,63,54,72,W,18,30,29.31,Hail,11-09-17
15,63,54,72,W,13,0,29.34,Light Rain,11-09-17
16,59,52,77,WSW,18,0,29.36,Light Rain,11-09-17
17,61,52,72,WSW,16,0,29.39,Fair,11-09-17
18,61,52,72,W,16,0,29.42,Fair,11-09-17
19,55,52,88,W,17,0,29.48,Rain,11-09-17
20,57,52,82,WSW,10,0,29.48,Fair,11-09-17
21,57,50,77,WSW,13,0,29.48,Fair,11-09-17
22,57,50,77,WSW,14,0,29.51,Fair,11-09-17
23,55,50,82,WSW,15,0,29.54,Fair,12-09-17
00,55,50,82,WSW,14,0,29.54,Fair,12-09-17
01,55,50,82,WSW,15,0,29.57,Fair,12-09-17
02,54,50,88,WSW,14,0,29.57,Fair,12-09-17
03,54,50,88,WSW,10,0,29.6,Fair,12-09-17
04,54,50,88,WSW,13,0,29.6,Fair,12-09-17
05,54,50,88,WSW,13,0,29.63,Fair,12-09-17
06,54,48,82,WSW,13,0,29.66,Fair,12-09-17
07,55,50,82,WSW,13,0,29.66,Fair,12-09-17
08,57,48,72,WSW,15,0,29.69,Fair,12-09-17
09,61,50,68,W,14,25,29.72,Fair,12-09-17
10,61,48,63,WSW,15,0,29.72,Fair,12-09-17
11,63,48,59,WSW,15,0,29.72,Partly Cloudy,12-09-17
12,63,46,55,W,17,0,29.72,Partly Cloudy,12-09-17
13,64,45,49,WSW,17,0,29.72,Fair,12-09-17
14,64,43,45,WSW,17,0,29.72,Fair,12-09-17
15,64,45,49,WSW,14,0,29.69,Fair,12-09-17
16,63,48,59,SW,17,0,29.69,Fair,12-09-17
17,63,48,59,SW,15,29,29.66,Fair,12-09-17
18,61,48,63,SSW,17,0,29.63,Fair,12-09-17
19,59,52,77,VAR,14,26,29.6,Light Rain,12-09-17
20,57,52,82,S,9,21,29.54,Light Rain,12-09-17
21,57,54,88,SSW,18,31,29.48,Light Rain,12-09-17
22,57,54,88,SSW,18,36,29.39,Hail,12-09-17
23,59,55,88,SSW,20,33,29.34,Light Rain,13-09-17
00,61,59,94,WSW,15,0,29.31,Light Rain,13-09-17
01,63,55,77,WSW,24,40,29.31,Mostly Cloudy / Windy,13-09-17
02,61,52,72,WSW,26,43,29.28,Mostly Cloudy / Windy,13-09-17
03,61,48,63,W,37,55,29.31,Mostly Cloudy / Windy,13-09-17
04,59,46,63,W,26,47,29.36,Mostly Cloudy / Windy,13-09-17
05,57,46,67,W,23,43,29.39,Fair / Windy,13-09-17
06,57,45,63,W,25,40,29.42,Fair / Windy,13-09-17
07,57,45,63,WSW,25,40,29.45,Fair / Windy,13-09-17
08,59,45,59,WSW,25,39,29.48,Fair / Windy,13-09-17
09,61,45,55,WSW,28,0,29.51,Fair / Windy,13-09-17
10,63,46,55,WSW,25,41,29.51,Partly Cloudy / Windy,13-09-17
11,64,46,52,WSW,26,39,29.51,Partly Cloudy / Windy,13-09-17
12,64,46,52,WSW,23,35,29.54,Partly Cloudy / Windy,13-09-17
13,64,46,52,WSW,16,0,29.51,Partly Cloudy,13-09-17
14,63,48,59,WSW,18,30,29.51,Light Rain,13-09-17
15,59,48,67,WSW,21,0,29.51,Light Rain / Windy,13-09-17
16,61,46,59,WSW,16,0,29.48,Fair,13-09-17
17,59,46,63,WNW,12,0,29.51,Light Rain,13-09-17
18,59,46,63,WSW,9,0,29.51,Partly Cloudy,13-09-17
19,59,43,55,WSW,14,0,29.54,Fair,13-09-17
20,57,45,63,WSW,14,0,29.54,Fair,13-09-17
21,55,45,67,WSW,13,0,29.54,Fair,13-09-17
22,55,45,67,WSW,12,0,29.54,Fair,13-09-17
23,54,43,67,W,16,0,29.54,Fair,14-09-17
00,54,43,67,WSW,15,0,29.54,Fair,14-09-17
01,52,43,71,W,12,0,29.54,Fair,14-09-17
02,52,45,76,W,13,0,29.54,Partly Cloudy,14-09-17
03,50,45,82,W,13,0,29.57,Fair,14-09-17
04,50,45,82,WSW,14,0,29.57,Fair,14-09-17
05,50,45,82,WSW,13,0,29.6,Fair,14-09-17
06,50,45,82,WSW,13,0,29.6,Fair,14-09-17
07,52,45,76,W,17,0,29.63,Fair,14-09-17
08,54,46,77,W,15,0,29.66,Partly Cloudy,14-09-17
09,55,46,72,W,16,0,29.69,Fair,14-09-17
10,57,46,67,W,21,0,29.72,Mostly Cloudy / Windy,14-09-17
11,61,48,63,W,18,0,29.75,Mostly Cloudy,14-09-17
12,63,45,52,W,18,0,29.78,Mostly Cloudy,14-09-17
13,63,46,55,W,16,0,29.78,Fair,14-09-17
14,63,45,52,WNW,10,0,29.81,Partly Cloudy,14-09-17
15,63,45,52,WNW,17,0,29.81,Fair,14-09-17
16,63,46,55,W,14,0,29.84,Fair,14-09-17
17,61,48,63,W,12,0,29.84,Fair,14-09-17
18,59,46,63,W,8,0,29.87,Fair,14-09-17
19,59,46,63,WNW,9,0,29.9,Mostly Cloudy,14-09-17
20,57,46,67,WNW,6,0,29.9,Fair,14-09-17
21,55,45,67,W,12,0,29.9,Fair,14-09-17
22,55,45,67,W,13,0,29.9,Fair,14-09-17
23,54,45,72,W,14,0,29.9,Fair,15-09-17
00,54,45,72,W,10,0,29.9,Fair,15-09-17
01,50,45,82,SW,8,0,29.9,Fair,15-09-17
02,50,45,82,WSW,9,0,29.9,Fair,15-09-17
03,50,45,82,WSW,9,0,29.9,Fair,15-09-17
04,48,45,87,SW,9,0,29.9,Fair,15-09-17
05,48,45,87,WSW,6,0,29.87,Fair,15-09-17
06,50,45,82,SW,7,0,29.87,Fair,15-09-17
07,52,45,76,W,8,0,29.87,Fair,15-09-17
08,54,46,77,W,8,0,29.87,Fair,15-09-17
09,55,46,72,WNW,6,0,29.9,Partly Cloudy,15-09-17
10,57,45,63,WNW,10,0,29.9,Mostly Cloudy,15-09-17
11,57,45,63,WNW,8,0,29.9,Partly Cloudy,15-09-17
12,61,45,55,WNW,9,0,29.87,Partly Cloudy,15-09-17
13,61,43,52,NNW,7,0,29.87,Partly Cloudy,15-09-17
14,61,43,52,VAR,6,0,29.87,Partly Cloudy,15-09-17
15,59,46,63,NNW,10,0,29.87,Mostly Cloudy,15-09-17
16,57,50,77,WNW,7,0,29.87,Cloudy,15-09-17
17,57,48,72,N,9,0,29.9,Light Rain,15-09-17
18,55,50,82,NNW,5,0,29.9,Light Rain,15-09-17
19,55,52,88,VAR,3,0,29.9,Light Rain,15-09-17
20,54,50,88,WNW,5,0,29.9,Fair,15-09-17
21,54,50,88,VAR,2,0,29.9,Fair,15-09-17
22,54,50,88,VAR,3,0,29.9,Fair,15-09-17
23,54,48,82,WNW,5,0,29.9,Fair,16-09-17
00,54,48,82,WNW,5,0,29.87,Fair,16-09-17
01,54,48,82,W,6,0,29.87,Fair,16-09-17
02,52,48,88,SSW,5,0,29.87,Fair,16-09-17
03,50,48,94,WSW,5,0,29.84,Fair,16-09-17
04,50,48,94,SW,5,0,29.84,Fair,16-09-17
05,50,48,94,W,6,0,29.84,Fair,16-09-17
06,50,46,87,W,6,0,29.84,Fair,16-09-17
07,52,46,82,WNW,6,0,29.84,Mostly Cloudy,16-09-17
08,54,48,82,NNW,5,0,29.87,Mostly Cloudy,16-09-17
09,55,48,77,NW,6,0,29.87,Mostly Cloudy,16-09-17
10,55,48,77,WNW,8,0,29.87,Light Rain,16-09-17
11,57,48,72,WNW,5,0,29.84,Mostly Cloudy,16-09-17
12,59,48,67,W,7,0,29.84,Fair,16-09-17
13,59,46,63,WNW,7,0,29.84,Fair,16-09-17
14,61,46,59,W,10,0,29.81,Partly Cloudy,16-09-17
15,59,46,63,N,10,0,29.81,Fair,16-09-17
16,59,48,67,NNW,7,0,29.81,Light Rain,16-09-17
17,57,48,72,NNW,9,0,29.84,Partly Cloudy,16-09-17
18,55,48,77,NNW,6,0,29.84,Fair,16-09-17
19,55,48,77,NW,5,0,29.84,Fair,16-09-17
20,54,48,82,NNW,5,0,29.87,Fair,16-09-17
21,54,48,82,VAR,3,0,29.87,Fair,16-09-17
22,54,50,88,WNW,5,0,29.87,Fair,16-09-17
23,54,48,82,VAR,2,0,29.87,Fair,17-09-17
00,52,48,88,WNW,5,0,29.87,Partly Cloudy,17-09-17
01,52,48,88,VAR,3,0,29.87,Fair,17-09-17
02,50,48,94,N,8,0,29.87,Cloudy,17-09-17
03,50,48,94,NNE,6,0,29.87,Cloudy,17-09-17
04,50,48,94,VAR,2,0,29.87,Cloudy,17-09-17
05,52,48,88,N,6,0,29.87,Cloudy,17-09-17
06,52,48,88,N,5,0,29.9,Cloudy,17-09-17
07,52,48,88,N,5,0,29.9,Cloudy,17-09-17
08,52,50,94,NNW,6,0,29.9,Cloudy,17-09-17
09,54,48,82,NNW,5,0,29.93,Mostly Cloudy,17-09-17
10,55,50,82,NNW,5,0,29.93,Cloudy,17-09-17
11,57,50,77,N,6,0,29.93,Mostly Cloudy,17-09-17
12,59,50,72,NNW,7,0,29.93,Mostly Cloudy,17-09-17
13,61,50,68,NNW,6,0,29.9,Partly Cloudy,17-09-17
14,61,48,63,N,8,0,29.9,Fair,17-09-17
15,63,46,55,WNW,5,0,29.9,Fair,17-09-17
16,63,48,59,N,12,0,29.9,Fair,17-09-17
17,61,46,59,NNW,7,0,29.93,Fair,17-09-17
18,59,48,67,VAR,3,0,29.93,Fair,17-09-17
19,59,50,72,WNW,7,0,29.96,Fair,17-09-17
20,57,50,77,WNW,6,0,29.96,Fair,17-09-17
21,57,50,77,WNW,6,0,29.96,Fair,17-09-17
22,55,50,82,WNW,7,0,29.98,Fair,17-09-17
23,55,50,82,WNW,7,0,29.98,Fair,18-09-17
00,54,50,88,VAR,3,0,29.98,Fair,18-09-17
01,54,50,88,WNW,7,0,29.96,Fair,18-09-17
02,54,50,88,WNW,8,0,29.96,Cloudy,18-09-17
03,54,50,88,WNW,5,0,29.96,Mostly Cloudy,18-09-17
04,54,50,88,WNW,6,0,29.98,Mostly Cloudy,18-09-17
05,55,52,88,WNW,8,0,29.98,Light Rain,18-09-17
06,55,52,88,WNW,7,0,29.98,Light Rain,18-09-17
07,55,52,88,WNW,7,0,29.98,Mostly Cloudy,18-09-17
08,55,52,88,N,6,0,30.01,Cloudy,18-09-17
09,57,50,77,VAR,8,0,30.01,Mostly Cloudy,18-09-17
10,59,50,72,NNW,9,0,30.01,Partly Cloudy,18-09-17
11,57,52,82,NW,7,0,30.01,Fair,18-09-17
12,61,48,63,NNW,8,0,30.01,Fair,18-09-17
13,61,48,63,N,12,0,30.01,Light Rain,18-09-17
14,59,46,63,N,6,0,30.01,Light Rain,18-09-17
15,61,50,68,WNW,6,0,30.01,Fair,18-09-17
16,61,45,55,NW,7,0,30.01,Fair,18-09-17
17,59,46,63,WNW,7,0,30.04,Fair,18-09-17
18,59,48,67,NNE,3,0,30.04,Fair,18-09-17
19,57,48,72,NNE,5,0,30.04,Partly Cloudy,18-09-17
20,57,48,72,VAR,2,0,30.07,Fair,18-09-17
21,55,50,82,WNW,12,0,30.07,Rain,18-09-17
22,52,50,94,WNW,5,0,30.07,Light Rain,18-09-17
23,52,50,94,WNW,5,0,30.07,Light Rain,19-09-17
00,52,48,88,WNW,5,0,30.1,Light Rain,19-09-17
01,52,48,88,W,6,0,30.1,Light Rain,19-09-17
02,52,48,88,WNW,7,0,30.07,Partly Cloudy,19-09-17
03,52,48,88,WNW,6,0,30.07,Haze,19-09-17
04,52,48,88,VAR,2,0,30.1,Mostly Cloudy,19-09-17
05,50,48,94,WNW,6,0,30.1,Fair,19-09-17
06,50,48,94,N,6,0,30.1,Mostly Cloudy,19-09-17
07,50,48,94,VAR,3,0,30.13,Mostly Cloudy,19-09-17
08,52,48,88,WNW,6,0,30.13,Cloudy,19-09-17
09,52,48,88,WNW,7,0,30.16,Mostly Cloudy,19-09-17
10,54,48,82,WNW,6,0,30.16,Mostly Cloudy,19-09-17
11,55,48,77,NW,6,0,30.16,Mostly Cloudy,19-09-17
12,59,48,67,VAR,3,0,30.16,Mostly Cloudy,19-09-17
13,59,46,63,VAR,5,0,30.16,Mostly Cloudy,19-09-17
14,59,46,63,NNW,5,0,30.16,Mostly Cloudy,19-09-17
15,59,45,59,WNW,7,0,30.13,Mostly Cloudy,19-09-17
16,59,45,59,NW,6,0,30.13,Mostly Cloudy,19-09-17
17,59,45,59,WNW,6,0,30.16,Partly Cloudy,19-09-17
18,57,45,63,VAR,2,0,30.16,Fair,19-09-17
19,57,45,63,SW,5,0,30.16,Fair,19-09-17
20,55,46,72,SW,6,0,30.16,Fair,19-09-17
21,54,46,77,SW,5,0,30.16,Fair,19-09-17
22,54,48,82,SW,6,0,30.13,Fair,19-09-17
23,54,48,82,SW,5,0,30.13,Fair,20-09-17
00,54,50,88,WSW,5,0,30.13,Fair,20-09-17
01,52,48,88,SW,7,0,30.13,Fair,20-09-17
02,52,48,88,SW,5,0,30.1,Fair,20-09-17
03,52,50,94,SW,5,0,30.1,Partly Cloudy,20-09-17
04,54,50,88,WSW,5,0,30.1,Fair,20-09-17
05,54,50,88,SW,5,0,30.1,Fair,20-09-17
06,54,52,94,WSW,7,0,30.1,Fair,20-09-17
07,57,52,82,SSW,6,0,30.1,Fair,20-09-17
08,61,54,77,SW,7,20,30.07,Fair,20-09-17
09,63,54,72,SW,9,0,30.07,Mostly Cloudy,20-09-17
10,63,54,72,WSW,13,0,30.07,Mostly Cloudy,20-09-17
11,63,52,68,SW,9,0,30.07,Cloudy,20-09-17
12,63,54,72,SW,9,0,30.07,Cloudy,20-09-17
13,64,54,68,SSW,12,24,30.04,Cloudy,20-09-17
14,63,54,72,SSW,9,0,30.04,Cloudy,20-09-17
15,63,54,72,SW,12,0,30.04,Cloudy,20-09-17
16,64,52,64,SW,14,0,30.01,Partly Cloudy,20-09-17
17,63,52,68,SW,12,0,30.01,Mostly Cloudy,20-09-17
18,63,52,68,SW,9,22,30.01,Mostly Cloudy,20-09-17
19,61,52,72,SSW,9,21,30.01,Fair,20-09-17
20,59,52,77,SSW,7,0,30.01,Fair,20-09-17
21,57,52,82,S,5,0,30.01,Mostly Cloudy,20-09-17
22,59,52,77,SSW,7,0,30.01,Cloudy,20-09-17
23,59,52,77,VAR,2,0,29.98,Cloudy,21-09-17
00,61,54,77,SSW,8,0,29.98,Cloudy,21-09-17
01,61,54,77,S,5,0,29.98,Cloudy,21-09-17
02,61,54,77,SSW,8,0,29.98,Cloudy,21-09-17
03,61,54,77,SSW,8,0,29.96,Cloudy,21-09-17
04,61,54,77,S,7,0,29.96,Fair,21-09-17
05,59,54,82,SSE,6,0,29.96,Fair,21-09-17
06,59,54,82,SSE,8,0,29.96,Fair,21-09-17
07,61,54,77,SSE,7,0,29.96,Fair,21-09-17
08,63,54,72,SSW,8,0,29.96,Mostly Cloudy,21-09-17
09,63,52,68,SSW,14,0,29.96,Fair,21-09-17
10,64,50,59,SSW,13,0,29.96,Partly Cloudy,21-09-17
11,64,52,64,SSW,14,0,29.96,Mostly Cloudy,21-09-17
12,64,52,64,SW,15,0,29.96,Cloudy,21-09-17
13,66,52,60,SSW,13,25,29.93,Cloudy,21-09-17
14,66,52,60,SSW,13,0,29.93,Mostly Cloudy,21-09-17
15,64,54,68,S,12,0,29.96,Cloudy,21-09-17
16,61,57,88,SSW,14,25,29.96,Light Drizzle,21-09-17
17,61,57,88,VAR,8,21,29.96,Light Rain,21-09-17
18,61,57,88,SW,9,0,29.98,Mostly Cloudy,21-09-17
19,61,55,82,WSW,12,0,30.01,Mostly Cloudy,21-09-17
20,59,55,88,WSW,8,0,30.01,Fair,21-09-17
21,59,54,82,WSW,10,0,30.04,Fair,21-09-17
22,57,54,88,WSW,7,0,30.04,Partly Cloudy,21-09-17
23,55,52,88,WSW,5,0,30.07,Fair,22-09-17
00,54,52,94,SW,5,0,30.1,Partly Cloudy,22-09-17
01,54,52,94,SW,5,0,30.1,Fair,22-09-17
02,52,50,94,SW,6,0,30.1,Fair,22-09-17
03,52,50,94,SW,5,0,30.1,Fair,22-09-17
04,50,48,94,SW,6,0,30.1,Fair,22-09-17
05,50,48,94,SW,7,0,30.1,Fair,22-09-17
06,50,48,94,SW,7,0,30.13,Fair,22-09-17
07,52,48,88,WSW,7,0,30.13,Fair,22-09-17
08,54,48,82,WSW,6,0,30.13,Fair,22-09-17
09,57,48,72,W,6,0,30.16,Fair,22-09-17
10,61,45,55,WSW,7,0,30.16,Fair,22-09-17
11,63,43,48,WSW,7,0,30.13,Fair,22-09-17
12,64,41,42,WSW,8,0,30.13,Fair,22-09-17
13,64,43,45,WSW,12,0,30.13,Fair,22-09-17
14,66,46,49,WSW,10,0,30.13,Partly Cloudy,22-09-17
15,64,45,49,SW,7,0,30.13,Partly Cloudy,22-09-17
16,64,46,52,SW,10,0,30.13,Mostly Cloudy,22-09-17
17,63,48,59,WSW,12,0,30.13,Fair,22-09-17
18,63,48,59,SSW,8,21,30.16,Fair,22-09-17
19,61,50,68,SSW,9,0,30.16,Fair,22-09-17
20,59,50,72,SSW,8,24,30.16,Fair,22-09-17
21,57,50,77,SSW,7,0,30.16,Fair,22-09-17
22,57,50,77,SSW,7,0,30.16,Fair,22-09-17
23,55,50,82,SW,5,0,30.19,Fair,23-09-17
00,57,50,77,VAR,3,0,30.19,Fair,23-09-17
01,59,50,72,SSW,8,0,30.16,Partly Cloudy,23-09-17
02,57,50,77,SSW,9,0,30.16,Fair,23-09-17
03,59,52,77,SSW,7,0,30.13,Mostly Cloudy,23-09-17
04,59,52,77,S,6,0,30.13,Cloudy,23-09-17
05,59,50,72,SSE,6,0,30.16,Cloudy,23-09-17
06,59,50,72,SSE,6,0,30.16,Mostly Cloudy,23-09-17
07,59,52,77,ESE,6,0,30.16,Light Rain,23-09-17
08,61,52,72,SSE,7,0,30.19,Light Rain,23-09-17
09,63,52,68,SSE,10,0,30.19,Fair,23-09-17
10,64,50,59,S,9,0,30.19,Fair,23-09-17
11,66,48,52,SSE,10,0,30.16,Fair,23-09-17
12,66,50,56,S,10,0,30.16,Partly Cloudy,23-09-17
13,66,48,52,S,9,0,30.16,Fair,23-09-17
14,66,48,52,SSE,8,0,30.13,Fair,23-09-17
15,66,45,46,SSE,10,0,30.13,Fair,23-09-17
16,64,48,56,SSE,8,0,30.13,Fair,23-09-17
17,64,46,52,SE,8,0,30.13,Fair,23-09-17
18,61,48,63,ESE,7,0,30.13,Fair,23-09-17
19,59,48,67,E,6,0,30.13,Fair,23-09-17
20,59,48,67,ESE,9,0,30.13,Fair,23-09-17
21,59,48,67,ESE,7,0,30.13,Fair,23-09-17
22,57,48,72,E,7,0,30.13,Fair,23-09-17
23,55,50,82,E,7,0,30.13,Fair,24-09-17
00,55,52,88,E,9,0,30.1,Fair,24-09-17
01,55,52,88,E,7,0,30.1,Fair,24-09-17
02,57,52,82,E,7,0,30.1,Fair,24-09-17
03,57,54,88,ENE,6,0,30.07,Fair,24-09-17
04,55,52,88,ENE,6,0,30.07,Fair,24-09-17
05,55,52,88,E,8,0,30.07,Fair,24-09-17
06,55,52,88,VAR,3,0,30.1,Fair,24-09-17
07,57,54,88,E,7,0,30.1,Fair,24-09-17
08,61,54,77,E,8,0,30.1,Fair,24-09-17
09,64,54,68,ESE,9,0,30.1,Fair,24-09-17
10,68,52,56,SE,13,0,30.1,Fair,24-09-17
11,70,52,53,SE,12,0,30.1,Fair,24-09-17
12,72,52,50,SE,10,0,30.07,Fair,24-09-17
13,72,48,43,SE,13,0,30.07,Fair,24-09-17
14,72,48,43,SSE,13,0,30.07,Fair,24-09-17
15,72,48,43,SE,13,0,30.07,Fair,24-09-17
16,68,48,49,SE,10,0,30.04,Fair,24-09-17
17,68,48,49,SE,9,0,30.07,Fair,24-09-17
18,66,50,56,ESE,7,0,30.07,Fair,24-09-17
19,64,54,68,E,9,0,30.07,Fair,24-09-17
20,63,57,82,E,8,0,30.07,Light Rain,24-09-17
21,61,59,94,E,7,0,30.07,Rain,24-09-17
22,61,59,94,E,5,0,30.07,Haze,24-09-17
23,63,59,88,E,5,0,30.07,Haze,25-09-17
00,61,59,94,NE,3,0,30.07,Haze,25-09-17
01,61,59,94,E,6,0,30.04,Haze,25-09-17
02,61,57,88,E,8,0,30.04,Light Rain,25-09-17
03,61,57,88,E,8,0,30.04,Light Rain,25-09-17
04,61,57,88,E,9,0,30.04,Light Rain,25-09-17
05,61,57,88,E,7,0,30.04,Light Rain,25-09-17
06,61,57,88,E,5,0,30.07,Heavy Rain,25-09-17
07,61,57,88,E,7,0,30.07,Light Rain,25-09-17
08,61,57,88,NE,10,0,30.07,Haze,25-09-17
09,61,57,88,ENE,6,0,30.07,Haze,25-09-17
10,63,57,82,VAR,3,0,30.07,Fair,25-09-17
11,63,57,82,E,7,0,30.07,Fair,25-09-17
12,64,57,77,ENE,8,0,30.07,Fair,25-09-17
13,64,59,83,E,5,0,30.1,Fair,25-09-17
14,64,57,77,E,9,0,30.1,Fair,25-09-17
15,64,57,77,E,15,0,30.07,Fair,25-09-17
16,64,55,73,E,12,0,30.1,Fair,25-09-17
17,63,57,82,ENE,9,0,30.13,Fair,25-09-17
18,63,57,82,ENE,10,0,30.13,Fair,25-09-17
19,63,57,82,ENE,8,0,30.13,Fair,25-09-17
20,61,57,88,ENE,9,0,30.16,Fair,25-09-17
21,61,55,82,NE,5,0,30.16,Fair,25-09-17
22,61,55,82,ENE,6,0,30.16,Fair,25-09-17
23,61,55,82,ENE,6,0,30.13,Fair,26-09-17
00,59,55,88,N,5,0,30.13,Fair,26-09-17
01,59,55,88,NNE,5,0,30.16,Fair,26-09-17
02,59,55,88,NNE,5,0,30.13,Fair,26-09-17
03,59,55,88,VAR,1,0,30.13,Mostly Cloudy,26-09-17
04,59,55,88,VAR,2,0,30.16,Mostly Cloudy,26-09-17
05,59,55,88,ENE,3,0,30.13,Haze,26-09-17
06,59,55,88,NNE,2,0,30.16,Haze,26-09-17
07,59,55,88,VAR,2,0,30.16,Haze,26-09-17
08,61,57,88,NE,5,0,30.16,Haze,26-09-17
09,63,57,82,VAR,1,0,30.19,Haze,26-09-17
10,63,57,82,NE,7,0,30.19,Haze,26-09-17
11,66,57,73,E,7,0,30.16,Haze,26-09-17
12,66,55,68,E,7,0,30.16,Mostly Cloudy,26-09-17
13,68,55,64,E,9,0,30.16,Fair,26-09-17
14,68,54,60,E,9,0,30.16,Fair,26-09-17
15,68,54,60,E,9,0,30.16,Fair,26-09-17
16,66,54,64,E,10,0,30.13,Fair,26-09-17
17,64,54,68,E,9,0,30.16,Fair,26-09-17
18,63,55,77,E,7,0,30.16,Fair,26-09-17
19,61,57,88,E,9,0,30.16,Haze,26-09-17
20,61,57,88,E,8,0,30.19,Haze,26-09-17
21,59,57,94,E,5,0,30.19,Haze,26-09-17
22,59,57,94,E,6,0,30.19,Haze,26-09-17
23,59,57,94,E,7,0,30.16,Haze,27-09-17
00,59,57,94,VAR,3,0,30.16,Haze,27-09-17
01,57,55,94,E,6,0,30.16,Fog,27-09-17
02,57,55,94,E,6,0,30.16,Fog,27-09-17
03,57,55,94,ENE,5,0,30.13,Fog,27-09-17
04,57,55,94,E,5,0,30.13,Fog,27-09-17
05,57,55,94,ENE,6,0,30.13,Fog,27-09-17
06,57,55,94,ENE,7,0,30.13,Fog,27-09-17
07,57,55,94,E,8,0,30.13,Fog,27-09-17
08,59,57,94,E,8,0,30.13,Fog,27-09-17
09,61,57,88,E,10,0,30.1,Haze,27-09-17
10,64,57,77,E,9,0,30.1,Haze,27-09-17
11,66,57,73,SE,9,0,30.1,Haze,27-09-17
12,68,57,68,SE,9,0,30.07,Fair,27-09-17
13,70,55,60,SSE,10,0,30.04,Partly Cloudy,27-09-17
14,72,55,57,SSE,12,0,30.04,Mostly Cloudy,27-09-17
15,70,55,60,S,9,0,30.01,Partly Cloudy,27-09-17
16,68,55,64,S,10,0,30.01,Fair,27-09-17
17,66,55,68,SSE,12,0,30.01,Fair,27-09-17
18,66,55,68,SSE,9,0,30.04,Fair,27-09-17
19,64,57,77,SSE,7,0,30.04,Light Rain,27-09-17
20,63,59,88,SSE,6,0,30.04,Rain,27-09-17
21,61,59,94,ESE,7,0,30.04,Heavy Rain,27-09-17
22,61,59,94,SE,7,0,30.01,Heavy Rain,27-09-17
23,61,59,94,SE,9,0,30.01,Light Rain,28-09-17
00,63,59,88,SSE,6,0,30.01,Light Rain,28-09-17
01,61,59,94,VAR,3,0,29.98,Light Rain,28-09-17
02,63,59,88,S,7,0,29.98,Light Drizzle,28-09-17
03,63,59,88,S,8,0,29.98,Light Rain,28-09-17
04,63,59,88,SSW,8,0,29.98,Light Rain,28-09-17
05,63,61,94,SSW,8,0,29.98,Cloudy,28-09-17
06,64,61,88,SSW,9,0,30.01,Cloudy,28-09-17
07,63,59,88,SW,9,0,30.01,Mostly Cloudy,28-09-17
08,64,59,83,SW,8,0,30.04,Mostly Cloudy,28-09-17
09,64,59,83,WSW,13,0,30.04,Mostly Cloudy,28-09-17
10,64,57,77,WSW,12,0,30.07,Mostly Cloudy,28-09-17
11,66,57,73,WSW,9,0,30.07,Mostly Cloudy,28-09-17
12,68,54,60,SW,9,0,30.07,Fair,28-09-17
13,68,52,56,SW,9,0,30.07,Fair,28-09-17
14,68,54,60,W,10,0,30.07,Mostly Cloudy,28-09-17
15,68,52,56,WSW,9,0,30.07,Partly Cloudy,28-09-17
16,68,52,56,SSW,8,0,30.07,Fair,28-09-17
17,66,54,64,SSW,12,24,30.07,Fair,28-09-17
18,63,54,72,SSW,12,0,30.07,Fair,28-09-17
19,61,55,82,VAR,9,25,30.1,Fair,28-09-17
20,61,54,77,SSW,7,0,30.1,Fair,28-09-17
21,59,54,82,SSE,5,0,30.07,Fair,28-09-17
22,57,54,88,ESE,5,0,30.07,Fair,28-09-17
23,59,55,88,E,7,0,30.04,Light Rain,29-09-17
00,59,55,88,E,6,0,30.04,Mostly Cloudy,29-09-17
01,63,57,82,VAR,3,0,30.01,Mostly Cloudy,29-09-17
02,63,59,88,SSE,6,0,30.01,Light Rain,29-09-17
03,64,61,88,SSE,6,0,29.98,Light Rain,29-09-17
04,64,63,94,S,6,0,29.98,Mostly Cloudy,29-09-17
05,66,61,83,S,6,0,29.96,Fair,29-09-17
06,66,61,83,S,7,0,29.96,Fair,29-09-17
07,66,61,83,S,7,0,29.96,Mostly Cloudy,29-09-17
08,64,63,94,SSW,8,0,29.96,Heavy Rain,29-09-17
09,64,59,83,SW,12,0,29.96,Mostly Cloudy,29-09-17
10,66,61,83,S,8,0,29.93,Fair,29-09-17
11,68,59,73,SW,15,0,29.96,Mostly Cloudy,29-09-17
12,68,57,68,SW,13,0,29.93,Fair,29-09-17
13,66,57,73,SW,13,0,29.96,Light Rain,29-09-17
14,61,55,82,WSW,13,0,29.98,Light Rain,29-09-17
15,63,55,77,WSW,7,0,29.98,Fair,29-09-17
16,63,55,77,WSW,9,0,29.98,Fair,29-09-17
17,63,54,72,WSW,8,0,29.98,Fair,29-09-17
18,63,54,72,SW,9,0,30.01,Fair,29-09-17
19,61,54,77,WSW,9,25,30.01,Fair,29-09-17
20,59,54,82,WSW,8,20,30.01,Fair,29-09-17
21,59,54,82,WSW,8,0,30.01,Fair,29-09-17
22,57,54,88,WSW,7,0,30.01,Fair,29-09-17
